textId,themeId,themeName,eventId,eventTitle,category,speaker,difficulty,isPool,poolIndex,text,feedback,time,budget,satisfaction,risk,compositeScore,tags,tone,setsFlags,requiresFlags
T0001,annual_report,"年报披露倒计时",E001,"碳减排数据缺口",risk_compliance,zhang_zong,3,FALSE,,"坚持追要原始数据","你花了大量时间协调各部门，终于拿到了一手数据。",-2,-1,-1,-2,-6,time_heavy;risk_reducer,formal,,
T0002,annual_report,"年报披露倒计时",E001,"碳减排数据缺口",risk_compliance,zhang_zong,3,TRUE,,"温和跟进，先要部分数据","你发了邮件温和地请求数据，对方说这两天给。",-1,-1,1,-1,-2,neutral,professional,,
T0003,annual_report,"年报披露倒计时",E001,"碳减排数据缺口",risk_compliance,zhang_zong,3,TRUE,,"坚持追要原始数据","你花了大量时间协调各部门，终于拿到了一手数据。",-2,-1,-1,-2,-6,time_heavy;risk_reducer,formal,,
T0004,annual_report,"年报披露倒计时",E001,"碳减排数据缺口",risk_compliance,zhang_zong,3,TRUE,,"召开数据对接短会","半小时短会锁定数据缺口，各部门承诺明天前补齐。",-1,-1,1,-1,-2,neutral,professional,,
T0005,annual_report,"年报披露倒计时",E001,"碳减排数据缺口",risk_compliance,zhang_zong,3,TRUE,,"施压要求立刻提供","连打三个电话施压，数据拿到了但关系紧张。",-2,-1,-2,-3,-8,time_heavy;satisfaction_hit;risk_reducer,formal,,
T0006,annual_report,"年报披露倒计时",E001,"碳减排数据缺口",risk_compliance,zhang_zong,3,TRUE,,"先用行业数据，争取缓冲时间","你用行业基准数据先顶上，客户满意，给了你三天宽限。",0,-1,1,1,1,neutral,safe,,
T0007,annual_report,"年报披露倒计时",E001,"碳减排数据缺口",risk_compliance,zhang_zong,3,FALSE,,"用定性表述先顶上","客户对文案很满意，但合规陈老师皱眉了。",-1,-1,1,2,1,risk_taker,risky,data_missing,
T0008,annual_report,"年报披露倒计时",E001,"碳减排数据缺口",risk_compliance,zhang_zong,3,TRUE,,"用定性表述填补","客户对文案很满意，但合规陈老师皱眉了。",-1,-1,1,2,1,risk_taker,risky,,
T0009,annual_report,"年报披露倒计时",E001,"碳减排数据缺口",risk_compliance,zhang_zong,3,TRUE,,"精简措辞，只写确定的部分","你保守地只写了有把握的内容。报告虽然短，但没有漏洞。",0,1,-1,1,1,budget_gain,safe,,
T0010,annual_report,"年报披露倒计时",E001,"碳减排数据缺口",risk_compliance,zhang_zong,3,TRUE,,"套用上季度模板","模板很方便，但数据完全不匹配。没人发现——暂时。",1,1,-1,3,4,time_save;budget_gain;risk_taker,risky,,
T0011,annual_report,"年报披露倒计时",E001,"碳减排数据缺口",risk_compliance,zhang_zong,3,TRUE,,"让实习生先起草","实习生写得不错，你稍微润色就发了。不过署名是你的。",0,1,1,2,4,budget_gain;risk_taker,risky,,
T0012,annual_report,"年报披露倒计时",E001,"碳减排数据缺口",risk_compliance,zhang_zong,3,TRUE,,"请合规同事先预审","陈老师圈了七处问题。改完再发，心里踏实多了。",-1,-1,-1,-1,-4,neutral,professional,,
T0013,annual_report,"年报披露倒计时",E001,"碳减排数据缺口",risk_compliance,zhang_zong,3,FALSE,,"参考行业数据并标注测算口径","折中方案，参考了竞品披露口径并加了脚注说明。",-1,-1,1,1,0,neutral,professional,,
T0014,annual_report,"年报披露倒计时",E001,"碳减排数据缺口",risk_compliance,zhang_zong,3,TRUE,,"参考行业数据并标注测算口径","折中方案，参考了竞品披露口径并加了脚注。",-1,-1,1,1,0,neutral,professional,,
T0015,annual_report,"年报披露倒计时",E001,"碳减排数据缺口",risk_compliance,zhang_zong,3,TRUE,,"直接引用行业协会报告","引用权威来源，客户挑不出毛病——除非他们细看日期。",0,1,1,2,4,budget_gain;risk_taker,risky,,
T0016,annual_report,"年报披露倒计时",E001,"碳减排数据缺口",risk_compliance,zhang_zong,3,TRUE,,"委托第三方快速出报告","外包团队效率惊人。贵是贵了点，但客户非常满意。",0,-2,2,1,1,budget_drain;satisfaction_boost,professional,,
T0017,annual_report,"年报披露倒计时",E001,"碳减排数据缺口",risk_compliance,zhang_zong,3,TRUE,,"标注初步数据，最终版待更新","你加了一行免责声明。合规过了，客户也没说什么。",0,1,-1,1,1,budget_gain,safe,,
T0018,annual_report,"年报披露倒计时",E001,"碳减排数据缺口",risk_compliance,zhang_zong,3,TRUE,,"亲自动手做数据测算","你在Excel里泡了一下午，出来的数据经得起推敲。",-2,-1,1,-2,-4,time_heavy;risk_reducer,formal,,
T0019,event_day,"活动签到当天",E002,"嘉宾未收到签到码",time_pressure,gongying_wang,2,FALSE,,"现场人工核验名单","增派两人手动核对名单，虽然慢但稳妥。",-2,-1,1,-1,-3,time_heavy,professional,,
T0020,event_day,"活动签到当天",E002,"嘉宾未收到签到码",time_pressure,gongying_wang,2,FALSE,,"重新生成专属二维码","技术阿哲火速生成新码，嘉宾顺利签到。",-1,-1,1,-1,-2,neutral,professional,qr_verified,
T0021,event_day,"活动签到当天",E002,"嘉宾未收到签到码",time_pressure,gongying_wang,2,FALSE,,"先直接进场，稍后补登","流程上走了捷径，但会后名单对不上会很麻烦。",1,1,-1,2,3,time_save;budget_gain;risk_taker,risky,qr_unverified,
T0022,client_call,"甲方突然来电话",E003,"客户口头认可无书面确认",risk_compliance,lin_zong,1,FALSE,,"邮件二次确认","发了一封措辞严谨的确认邮件，有据可查。",-1,-1,1,-2,-3,risk_reducer,formal,,
T0023,client_call,"甲方突然来电话",E003,"客户口头认可无书面确认",risk_compliance,lin_zong,1,TRUE,,"邮件二次确认，留下书面记录","你发了措辞考究的确认邮件。现在有据可查了。",-1,-1,1,-2,-3,risk_reducer,formal,,
T0024,client_call,"甲方突然来电话",E003,"客户口头认可无书面确认",risk_compliance,lin_zong,1,TRUE,,"发一封简短确认邮件","三行字的邮件。对方回了确认。不正式，但够用。",0,1,1,-1,1,budget_gain,safe,,
T0025,client_call,"甲方突然来电话",E003,"客户口头认可无书面确认",risk_compliance,lin_zong,1,TRUE,,"附上会议纪要和下一步计划","详细的会议纪要加时间线。不光确认了，还显得很专业。",-2,-1,1,-2,-4,time_heavy;risk_reducer,formal,,
T0026,client_call,"甲方突然来电话",E003,"客户口头认可无书面确认",risk_compliance,lin_zong,1,TRUE,,"让领导出面确认","林总打了个电话。对方口头确认了——这次是跟领导说的，应该算数。",0,1,1,-1,1,budget_gain,diplomatic,,
T0027,client_call,"甲方突然来电话",E003,"客户口头认可无书面确认",risk_compliance,lin_zong,1,TRUE,,"发邮件并抄送双方领导","抄送了一串人。对方有点不爽，但以后赖不了账。",-1,-1,-1,-3,-6,risk_reducer,formal,,
T0028,client_call,"甲方突然来电话",E003,"客户口头认可无书面确认",risk_compliance,lin_zong,1,FALSE,,"默认认可并推进","你决定不等了，先推进再说。但愿对方不会反悔。",1,1,-1,2,3,time_save;budget_gain;risk_taker,risky,,
T0029,client_call,"甲方突然来电话",E003,"客户口头认可无书面确认",risk_compliance,lin_zong,1,TRUE,,"默认确认，继续推进","你决定不等了。希望对方不会反悔。",1,1,-1,2,3,time_save;budget_gain;risk_taker,risky,,
T0030,client_call,"甲方突然来电话",E003,"客户口头认可无书面确认",risk_compliance,lin_zong,1,TRUE,,"先推进内部工作，外部等确认","内部先动起来，外部暂缓。进度没耽误太多，风险也可控。",0,1,-1,1,1,budget_gain,safe,,
T0031,client_call,"甲方突然来电话",E003,"客户口头认可无书面确认",risk_compliance,lin_zong,1,TRUE,,"林总说没问题，我们就当确认了","你选择相信老板的判断。但如果出问题，锅是你的。",2,1,1,3,7,time_save;budget_gain;risk_taker,risky,,
T0032,client_call,"甲方突然来电话",E003,"客户口头认可无书面确认",risk_compliance,lin_zong,1,TRUE,,"跳过确认直接启动","全速前进！可惜方向可能不对。",2,-1,-1,3,3,time_save;risk_taker,risky,,
T0033,client_call,"甲方突然来电话",E003,"客户口头认可无书面确认",risk_compliance,lin_zong,1,TRUE,,"再等一天","你决定再等24小时。耐心有时候是最好的策略。",-1,-1,1,-1,-2,neutral,professional,,
T0034,client_call,"甲方突然来电话",E003,"客户口头认可无书面确认",risk_compliance,lin_zong,1,FALSE,,"群内礼貌 @ 客户","客户群内回复了OK，虽然不够正式，但聊胜于无。",-1,-1,-1,-1,-4,neutral,professional,,
T0035,client_call,"甲方突然来电话",E003,"客户口头认可无书面确认",risk_compliance,lin_zong,1,TRUE,,"群里@客户礼貌确认","客户在群里回了OK。不正式，但聊胜于无。",-1,-1,-1,-1,-4,neutral,professional,,
T0036,client_call,"甲方突然来电话",E003,"客户口头认可无书面确认",risk_compliance,lin_zong,1,TRUE,,"私聊客户委婉确认","私下沟通避免了尴尬。客户说基本没问题。",0,1,1,-1,1,budget_gain,safe,,
T0037,client_call,"甲方突然来电话",E003,"客户口头认可无书面确认",risk_compliance,lin_zong,1,TRUE,,"发一条带emoji的轻松消息","一个笑脸加一句那就按这个方向走啦~。客户回了个👍。",0,1,1,1,3,budget_gain,safe,,
T0038,client_call,"甲方突然来电话",E003,"客户口头认可无书面确认",risk_compliance,lin_zong,1,TRUE,,"群里发会议纪要让所有人确认","你在群里发了详细的会议纪要。沉默就是默认，对吧？",-1,-1,-1,-2,-5,risk_reducer,formal,,
T0039,client_call,"甲方突然来电话",E003,"客户口头认可无书面确认",risk_compliance,lin_zong,1,TRUE,,"打电话直接确认","五分钟电话，客户亲口说没问题。比文字靠谱。",0,1,1,-1,1,budget_gain,safe,,
T0040,monday_morning,"周一早会刚结束",E004,"五分钟短会通知",time_pressure,lin_zong,1,FALSE,,"立刻整理进度数据参会","你带着最新数据进入会议，林总表示满意。",-1,-1,1,-1,-2,neutral,professional,,
T0041,monday_morning,"周一早会刚结束",E004,"五分钟短会通知",time_pressure,lin_zong,1,FALSE,,"推说手头有急事，让实习生小许替会","小许会议纪要写得还行，但林总觉得你不够重视。",0,1,-1,1,1,budget_gain,safe,,
T0042,budget_cut,"项目预算被砍30%",E005,"预算报销被卡",budget_conflict,caiwu_zhou,1,FALSE,,"翻找历史邮件补交材料","在已删除邮件里翻出了当时的审批截图，小周勉强放行。",-2,1,1,-1,-1,time_heavy;budget_gain,professional,,
T0043,budget_cut,"项目预算被砍30%",E005,"预算报销被卡",budget_conflict,caiwu_zhou,1,FALSE,,"自掏腰包先填坑","你默默转了一笔钱，项目预算保住了，但心在滴血。",0,-1,1,1,1,neutral,safe,,
T0044,budget_cut,"项目预算被砍30%",E005,"预算报销被卡",budget_conflict,caiwu_zhou,1,FALSE,,"找林总特批","林总签了字，但记住了你不按流程办事。",-1,1,-1,-1,-2,budget_gain,diplomatic,,
T0045,supplier_chain,"供应商集体掉链子",E006,"供应商回复延迟",time_pressure,gongying_wang,2,FALSE,,"连续电话轰炸","打了五通电话，王姐终于接了，数据明天给。",-1,-1,1,-1,-2,neutral,professional,,
T0046,supplier_chain,"供应商集体掉链子",E006,"供应商回复延迟",time_pressure,gongying_wang,2,FALSE,,"换一个备选供应商","新供应商报价更高但更靠谱，数据质量也有保障。",-2,-2,1,-2,-5,time_heavy;budget_drain;risk_reducer,formal,,
T0047,supplier_chain,"供应商集体掉链子",E006,"供应商回复延迟",time_pressure,gongying_wang,2,FALSE,,"先用去年数据估算","去年的数据套上今年的增长率，看起来挺像回事。",1,1,-1,2,3,time_save;budget_gain;risk_taker,risky,estimated_data,
T0048,internal_review,"领导查看中期版本",E007,"实习生发错邮件",risk_compliance,shixi_xu,2,FALSE,,"立刻邮件撤回 + 电话道歉","客户表示理解，但以后会更仔细地审核你们的材料。",-2,-1,-1,-2,-6,time_heavy;risk_reducer,formal,,
T0049,internal_review,"领导查看中期版本",E007,"实习生发错邮件",risk_compliance,shixi_xu,2,TRUE,,"紧急撤回，亲自重发","你花了一小时重写并逐一核对收件人。虽然费时但稳妥。",-2,-1,-1,-1,-5,time_heavy,professional,,
T0050,internal_review,"领导查看中期版本",E007,"实习生发错邮件",risk_compliance,shixi_xu,2,TRUE,,"撤回后追加更正邮件","你在原邮件上追加了勘误。收到的人觉得你挺负责。",-1,-1,1,-1,-2,neutral,professional,,
T0051,internal_review,"领导查看中期版本",E007,"实习生发错邮件",risk_compliance,shixi_xu,2,TRUE,,"不撤回，追加提醒说明","你在群里发了条请以最新版为准。有些人已经看了旧版。",0,1,-1,1,1,budget_gain,safe,,
T0052,internal_review,"领导查看中期版本",E007,"实习生发错邮件",risk_compliance,shixi_xu,2,TRUE,,"让实习生自己发更正","小许战战兢兢地发了更正邮件。学到教训了，但客户可能已经看到了。",0,1,-1,2,2,budget_gain;risk_taker,risky,,
T0053,internal_review,"领导查看中期版本",E007,"实习生发错邮件",risk_compliance,shixi_xu,2,TRUE,,"撤回后电话跟进每位收件人","你逐一打电话道歉。虽然花了半天时间，但客户都表示理解。",-2,-1,2,-2,-3,time_heavy;satisfaction_boost;risk_reducer,formal,,
T0054,internal_review,"领导查看中期版本",E007,"实习生发错邮件",risk_compliance,shixi_xu,2,FALSE,,"将错就错，把讨论稿包装成超前预览版","客户觉得你们效率很高，但讨论稿上的批注让人尴尬。",-1,-1,-1,1,-2,neutral,professional,,
T0055,internal_review,"领导查看中期版本",E007,"实习生发错邮件",risk_compliance,shixi_xu,2,TRUE,,"起草标准致歉邮件","措辞专业又诚恳的致歉信。客户回复下次注意就好。",-1,-1,1,-1,-2,neutral,professional,,
T0056,internal_review,"领导查看中期版本",E007,"实习生发错邮件",risk_compliance,shixi_xu,2,TRUE,,"打电话道歉","电话里客户笑着说谁还没犯过错。关系更好了。",-1,-1,2,-2,-2,satisfaction_boost;risk_reducer,formal,,
T0057,internal_review,"领导查看中期版本",E007,"实习生发错邮件",risk_compliance,shixi_xu,2,TRUE,,"送一份小礼物陪不是","一份下午茶外卖送到客户办公室。对方发朋友圈说被乙方暖到了。",0,-2,2,-1,-1,budget_drain;satisfaction_boost,professional,,
T0058,internal_review,"领导查看中期版本",E007,"实习生发错邮件",risk_compliance,shixi_xu,2,TRUE,,"直接忽略，等对方提起再说","你决定不主动提。也许对方没注意到？",1,1,-1,2,3,time_save;budget_gain;risk_taker,risky,,
T0059,internal_review,"领导查看中期版本",E007,"实习生发错邮件",risk_compliance,shixi_xu,2,TRUE,,"群里道歉并承诺改进流程","坦诚的态度赢得了尊重。张总说这态度不错。",0,1,1,-1,1,budget_gain,safe,,
T0060,internal_review,"领导查看中期版本",E007,"实习生发错邮件",risk_compliance,shixi_xu,2,FALSE,,"让小许自己去处理","小许学会了危机处理——虽然学费是你们团队的信用。",1,1,-1,2,3,time_save;budget_gain;risk_taker,risky,,
T0061,internal_review,"领导查看中期版本",E007,"实习生发错邮件",risk_compliance,shixi_xu,2,TRUE,,"制定邮件发送检查清单","一份简洁的checklist贴在了团队看板上。从此再无类似事故。",-1,-1,1,-2,-3,risk_reducer,formal,,
T0062,internal_review,"领导查看中期版本",E007,"实习生发错邮件",risk_compliance,shixi_xu,2,TRUE,,"设置邮件延迟发送规则","所有外发邮件延迟5分钟。简单有效的防护。",0,1,1,-1,1,budget_gain,safe,,
T0063,internal_review,"领导查看中期版本",E007,"实习生发错邮件",risk_compliance,shixi_xu,2,TRUE,,"加强培训，非惩罚性改进","你组织了分享会。小许红着眼睛说谢谢。团队凝聚力提升了。",-2,-1,1,-1,-3,time_heavy,professional,,
T0064,internal_review,"领导查看中期版本",E007,"实习生发错邮件",risk_compliance,shixi_xu,2,TRUE,,"把锅推给系统故障","你说系统自动填充了错误的联系人组。IT部门很不高兴。",0,1,-1,2,2,budget_gain;risk_taker,risky,,
T0065,internal_review,"领导查看中期版本",E007,"实习生发错邮件",risk_compliance,shixi_xu,2,TRUE,,"实行双人复核制度","邮件发出前必须第二人过目。慢了一点，但再也没出过事故。",-1,-1,1,-2,-3,risk_reducer,formal,,
T0066,system_launch,"系统上线第一天",E008,"技术阿哲的坏消息",budget_conflict,jishu_zhe,2,FALSE,,"接受重写，追加开发时间","彻底重构后系统稳定多了，阿哲难得夸你做了正确决定。",-2,-1,1,-2,-4,time_heavy;risk_reducer,formal,,
T0067,system_launch,"系统上线第一天",E008,"技术阿哲的坏消息",budget_conflict,jishu_zhe,2,FALSE,,"要求阿哲打补丁先撑过去","功能暂时能用，但阿哲说下次再出问题别找我。",-1,-1,-1,1,-2,neutral,professional,tech_debt,
T0068,system_launch,"系统上线第一天",E008,"技术阿哲的坏消息",budget_conflict,jishu_zhe,2,FALSE,,"砍掉这个功能","客户问了功能去哪了，你说在升级中。",0,1,-1,1,1,budget_gain,safe,,
T0069,regulatory,"监管问询来函",E009,"合规审查驳回",risk_compliance,hegui_chen,2,FALSE,,"逐条修改，确保合规","三处修改虽然耗时，但避免了潜在的监管风险。",-2,-1,1,-3,-5,time_heavy;risk_reducer,formal,,
T0070,regulatory,"监管问询来函",E009,"合规审查驳回",risk_compliance,hegui_chen,2,FALSE,,"改两处，保留一处模糊表述","陈老师不太满意，但没有再坚持。",-1,-1,-1,1,-2,neutral,professional,compliance_gap,
T0071,regulatory,"监管问询来函",E009,"合规审查驳回",risk_compliance,hegui_chen,2,FALSE,,"请林总出面协调","林总跟陈老师沟通后，双方各退一步。",-1,-1,-1,-1,-4,neutral,diplomatic,,
T0072,roadshow,"路演前24小时",E010,"招股书数据调整",time_pressure,zhang_zong,3,FALSE,,"加班逐章修改","熬了一个通宵，招股书终于过审。",-2,-1,1,-2,-4,time_heavy;risk_reducer,formal,,
T0073,roadshow,"路演前24小时",E010,"招股书数据调整",time_pressure,zhang_zong,3,FALSE,,"只改核心章节，其余加附录说明","保荐人勉强接受了折中方案。",-1,-1,-1,1,-2,neutral,professional,,
T0074,roadshow,"路演前24小时",E010,"招股书数据调整",time_pressure,zhang_zong,3,FALSE,,"请外部咨询公司加急处理","花了大价钱，但专业团队确实快。",-1,-3,1,-1,-4,budget_drain,professional,,
T0075,last_minute,"下班前突击汇报",E011,"神秘甲方群突然活跃",time_pressure,shenmi_qun,1,FALSE,,"立刻调集全组人员赶方案","全组奋战两小时，方案成功发出。甲方回了一个收到👍。",-2,-1,1,-1,-3,time_heavy,professional,,
T0076,last_minute,"下班前突击汇报",E011,"神秘甲方群突然活跃",time_pressure,shenmi_qun,1,FALSE,,"先回一句正在推进稳住局面","暂时拖住了，但明天一早必须交。",1,1,-1,1,2,time_save;budget_gain,professional,,
T0077,last_minute,"下班前突击汇报",E011,"神秘甲方群突然活跃",time_pressure,shenmi_qun,1,FALSE,,"打电话问对方要具体需求","对方说不清楚，你们专业的应该知道。白费了半小时。",-1,-1,-1,-1,-4,neutral,professional,,
T0078,client_call,"甲方突然来电话",E012,"PPT文件名混乱",satisfaction_mgmt,zhang_zong,2,FALSE,,"仔细核对各版本后发送正确版本","花了十分钟比对，确认了真正的最新版。客户很满意。",-2,-1,2,-1,-2,time_heavy;satisfaction_boost,professional,,
T0079,client_call,"甲方突然来电话",E012,"PPT文件名混乱",satisfaction_mgmt,zhang_zong,2,TRUE,,"找财务周姐私下沟通","周姐解释是系统自动触发。一杯咖啡的功夫就解冻了。",-1,-1,1,-1,-2,neutral,professional,,
T0080,client_call,"甲方突然来电话",E012,"PPT文件名混乱",satisfaction_mgmt,zhang_zong,2,TRUE,,"提交正式解冻申请","填了三张表格。流程走了两天，但合规审计无话可说。",-2,-1,-1,-1,-5,time_heavy,professional,,
T0081,client_call,"甲方突然来电话",E012,"PPT文件名混乱",satisfaction_mgmt,zhang_zong,2,TRUE,,"找林总特批紧急经费","林总大笔一挥批了特别经费。但周姐的脸色不太好看。",-1,1,-1,1,0,budget_gain,diplomatic,,
T0082,client_call,"甲方突然来电话",E012,"PPT文件名混乱",satisfaction_mgmt,zhang_zong,2,TRUE,,"先用部门备用金垫付","备用金解了燃眉之急。但被审计查到会很麻烦。",0,1,-1,2,2,budget_gain;risk_taker,risky,,
T0083,client_call,"甲方突然来电话",E012,"PPT文件名混乱",satisfaction_mgmt,zhang_zong,2,TRUE,,"暂停支出，等自动解冻","你决定等。项目进度暂停了，但省下来的钱让预算表好看多了。",1,1,-1,1,2,time_save;budget_gain,professional,,
T0084,client_call,"甲方突然来电话",E012,"PPT文件名混乱",satisfaction_mgmt,zhang_zong,2,FALSE,,"凭直觉选一个最新修改时间的","你发了过去，但愿那就是对的。",1,1,-1,1,2,time_save;budget_gain,professional,,
T0085,client_call,"甲方突然来电话",E012,"PPT文件名混乱",satisfaction_mgmt,zhang_zong,2,TRUE,,"优化现有资源，减少不必要开支","你砍掉了几个外包项。质量没降，成本却下来了。",0,2,1,1,4,budget_gain,professional,,
T0086,client_call,"甲方突然来电话",E012,"PPT文件名混乱",satisfaction_mgmt,zhang_zong,2,TRUE,,"和供应商谈延期付款","供应商勉强同意了。但以后的合作可能会受影响。",0,1,-1,1,1,budget_gain,safe,,
T0087,client_call,"甲方突然来电话",E012,"PPT文件名混乱",satisfaction_mgmt,zhang_zong,2,TRUE,,"向客户申请预付款","客户不太高兴但还是批了。现金流回来了，面子没了。",-1,2,-1,-1,-1,budget_gain,professional,,
T0088,client_call,"甲方突然来电话",E012,"PPT文件名混乱",satisfaction_mgmt,zhang_zong,2,TRUE,,"内部众筹，先顶过这段","团队成员各自垫了一点。士气受损，但项目没停。",0,1,-1,2,2,budget_gain;risk_taker,risky,,
T0089,client_call,"甲方突然来电话",E012,"PPT文件名混乱",satisfaction_mgmt,zhang_zong,2,TRUE,,"砍预算但要保证关键项","精确的外科手术式削减。核心交付不变，边缘项目暂停。",-1,2,1,-1,1,budget_gain,professional,,
T0090,client_call,"甲方突然来电话",E012,"PPT文件名混乱",satisfaction_mgmt,zhang_zong,2,FALSE,,"把六个版本都发给客户让他自己选","客户回了两个字：专业。——但你听出了讽刺。",1,1,-2,1,1,time_save;budget_gain;satisfaction_hit,professional,,
T0091,client_call,"甲方突然来电话",E012,"PPT文件名混乱",satisfaction_mgmt,zhang_zong,2,TRUE,,"和财务一起梳理预算明细","梳理后发现有30%的预算被错误归类。修正后宽裕多了。",-2,1,1,-1,-1,time_heavy;budget_gain,professional,,
T0092,client_call,"甲方突然来电话",E012,"PPT文件名混乱",satisfaction_mgmt,zhang_zong,2,TRUE,,"做一份详细的预算使用报告","报告写得漂亮。领导看了说这预算用得值。",-2,-1,2,-2,-3,time_heavy;satisfaction_boost;risk_reducer,formal,,
T0093,client_call,"甲方突然来电话",E012,"PPT文件名混乱",satisfaction_mgmt,zhang_zong,2,TRUE,,"和客户协商调整项目范围","范围调整后预算刚好够。双方都觉得合理。",-1,1,1,-1,0,budget_gain,professional,,
T0094,client_call,"甲方突然来电话",E012,"PPT文件名混乱",satisfaction_mgmt,zhang_zong,2,TRUE,,"加速交付，提前收款","加班赶出阶段性成果，客户提前付了下一笔款。",-2,2,1,-1,0,time_heavy;budget_gain,professional,,
T0095,client_call,"甲方突然来电话",E012,"PPT文件名混乱",satisfaction_mgmt,zhang_zong,2,TRUE,,"搁置非核心需求","你把最重要的三件事做了。其他的以后再说——如果真的还有以后的话。",1,2,-1,1,3,time_save;budget_gain,professional,,
T0096,scope_creep,"客户突然加需求",E013,"CEO临时加需求",satisfaction_mgmt,lin_zong,3,FALSE,,"做三个不同风格的方案让CEO选","CEO选了第三个方案，说了句'就是这个感觉'。",-2,-1,2,-1,-2,time_heavy;satisfaction_boost,professional,,
T0097,scope_creep,"客户突然加需求",E013,"CEO临时加需求",satisfaction_mgmt,lin_zong,3,FALSE,,"请林总帮忙确认CEO的偏好","林总问了半天，CEO说'你先做出来看看'。",-1,-1,1,-1,-2,neutral,professional,,
T0098,scope_creep,"客户突然加需求",E013,"CEO临时加需求",satisfaction_mgmt,lin_zong,3,FALSE,,"微调配色和字体后重新提交","换了配色和字体，CEO说'好多了'。有时候视觉效果就是'感觉'。",-1,-1,1,1,0,neutral,professional,,
T0099,friday_afternoon,"周五下午四点整",E014,"下班前的系统崩溃",time_pressure,jishu_zhe,1,FALSE,,"等系统修复后提交","等了两个小时，系统终于恢复了。审批安全提交。",-2,-1,1,-1,-3,time_heavy,professional,,
T0100,friday_afternoon,"周五下午四点整",E014,"下班前的系统崩溃",time_pressure,jishu_zhe,1,FALSE,,"写邮件说明情况，申请补签","邮件已发，但林总不喜欢因为系统原因这种借口。",-1,-1,-1,1,-2,neutral,professional,,
T0101,friday_afternoon,"周五下午四点整",E014,"下班前的系统崩溃",time_pressure,jishu_zhe,1,FALSE,,"让实习生小许盯着，你先下班","你走了，小许守到系统恢复。第二天小许有了新外号：'守夜人'。",1,1,-1,2,3,time_save;budget_gain;risk_taker,risky,,
T0102,pr_crisis,"会后舆情发酵",E015,"竞品舆情爆发",risk_compliance,hegui_chen,2,FALSE,,"立即自检所有对外材料","发现了两个潜在隐患并及时修正，躲过一劫。",-2,-1,1,-3,-5,time_heavy;risk_reducer,formal,,
T0103,pr_crisis,"会后舆情发酵",E015,"竞品舆情爆发",risk_compliance,hegui_chen,2,FALSE,,"关注舆情但不主动响应","暂时风平浪静，但谁知道明天会怎样？",0,1,-1,1,1,budget_gain,safe,,
T0104,pr_crisis,"会后舆情发酵",E015,"竞品舆情爆发",risk_compliance,hegui_chen,2,FALSE,,"提前准备一份应急预案","预案在手，随时应对。陈老师对你的前瞻性表示认可。",-1,-1,1,-1,-2,neutral,professional,,
T0105,regulatory,"监管问询来函",E016,"合规追问数据来源",risk_compliance,hegui_chen,3,FALSE,,"紧急补做数据收集，亡羊补牢","花了大半天补数据，虽然晚了点，但数据经得起推敲。",-2,-1,1,-2,-4,time_heavy;risk_reducer,formal,,data_missing
T0106,regulatory,"监管问询来函",E016,"合规追问数据来源",risk_compliance,hegui_chen,3,FALSE,,"提供一份测算说明争取时间","陈老师不情愿地接过了测算说明，但说'下次不行了'。",-1,-1,-1,1,-2,neutral,professional,,data_missing
T0107,event_day,"活动签到当天",E017,"会后名单对不上",risk_compliance,gongying_wang,3,FALSE,,"逐一核对监控和签到记录","发现是一个嘉宾带了两名助理，但只登记了一人。问题解决。",-2,-1,-1,-2,-6,time_heavy;risk_reducer,formal,,qr_unverified
T0108,event_day,"活动签到当天",E017,"会后名单对不上",risk_compliance,gongying_wang,3,FALSE,,"按实际到场人数更新名单","名单更新了，但客户张总问'为什么每次都有这种问题'。",-1,-1,-1,1,-2,neutral,professional,,qr_unverified
T0109,system_launch,"系统上线第一天",E018,"技术债爆发",time_pressure,jishu_zhe,3,FALSE,,"立即停机修复，接受服务中断","系统中断了4小时，但彻底修复后性能反而提升了。",-2,-2,-1,-2,-7,time_heavy;budget_drain;risk_reducer,formal,,tech_debt
T0110,system_launch,"系统上线第一天",E018,"技术债爆发",time_pressure,jishu_zhe,3,FALSE,,"继续打补丁，先恢复服务","阿哲翻了个白眼，但还是把服务恢复了。他说这已经是第5个补丁了。",-1,-1,-1,2,-1,risk_taker,risky,,tech_debt
T0111,system_launch,"系统上线第一天",E018,"技术债爆发",time_pressure,jishu_zhe,3,FALSE,,"切换回旧版本系统","旧系统虽然慢但稳定，客户没注意到切换。",-2,-1,-1,1,-3,time_heavy,professional,,tech_debt
T0112,system_launch,"系统上线第一天",E019,"自动化流程解锁",time_pressure,jishu_zhe,3,FALSE,,"立即推广使用，感谢阿哲","新模板节省了大量重复劳动，阿哲难得被表扬了一次。",1,1,1,-2,1,time_save;budget_gain;risk_reducer,formal,auto_pilot,qr_verified
T0113,system_launch,"系统上线第一天",E019,"自动化流程解锁",time_pressure,jishu_zhe,3,FALSE,,"先测试一下再上线","测试通过后，工具正式上线。慢是慢了点，但稳妥。",-1,-1,1,-1,-2,neutral,professional,,qr_verified
T0114,regulatory,"监管问询来函",E020,"合规隐患发酵",risk_compliance,hegui_chen,3,FALSE,,"立即发布澄清声明","声明发出后舆情逐步平息。陈老师说'下次记得一开始就改'。",-2,-1,-1,-3,-7,time_heavy;risk_reducer,formal,,compliance_gap
T0115,regulatory,"监管问询来函",E020,"合规隐患发酵",risk_compliance,hegui_chen,3,FALSE,,"私下联系对方沟通","对方同意撤稿，但欠了一个人情。",-1,-1,1,-1,-2,neutral,professional,,compliance_gap
T0116,regulatory,"监管问询来函",E020,"合规隐患发酵",risk_compliance,hegui_chen,3,FALSE,,"不予回应，静待热度过去","你赌了一把。希望互联网的金鱼记忆定律还在生效。",1,1,-1,2,3,time_save;budget_gain;risk_taker,risky,,compliance_gap
T0117,regulatory,"监管问询来函",E021,"审计抽查数据溯源",risk_compliance,hegui_chen,3,FALSE,,"坦白承认使用了估算数据","陈老师叹了口气，但表示会帮你在审计报告里用管理层最佳估计这个说法——这是合规界的懂的都懂。",-1,-1,-2,-1,-5,satisfaction_hit,professional,,estimated_data
T0118,regulatory,"监管问询来函",E021,"审计抽查数据溯源",risk_compliance,hegui_chen,3,FALSE,,"紧急联系供应商补原始数据","王姐被你的连环电话吵醒，不情愿地翻出了当时的原始记录。数据补上了，代价不菲。",-2,-1,1,-2,-4,time_heavy;risk_reducer,formal,,estimated_data
T0119,regulatory,"监管问询来函",E021,"审计抽查数据溯源",risk_compliance,hegui_chen,3,FALSE,,"声称数据来自行业对标研究","审计部勉强接受了这个说法，但在底稿里备注了一句建议下年度提供原始凭证。",-1,-1,-1,2,-1,risk_taker,risky,,estimated_data
T0120,internal_review,"领导查看中期版本",E022,"跨部门联合甩锅",risk_compliance,lin_zong,3,FALSE,,"召联席会议明确责任边界","会议开了两个小时，最终画出了清晰的责任矩阵。两个部门的负责人都不太高兴，但以后没人能甩锅给你。",-2,-1,-1,-2,-6,time_heavy;risk_reducer,formal,,
T0121,internal_review,"领导查看中期版本",E022,"跨部门联合甩锅",risk_compliance,lin_zong,3,FALSE,,"主动把缺口补上，暂不追究","你默默把事情做了，两边都欠了你一个人情。但你心里清楚——下次他们还是会互相甩锅。",-1,-1,1,1,0,neutral,professional,,
T0122,internal_review,"领导查看中期版本",E022,"跨部门联合甩锅",risk_compliance,lin_zong,3,FALSE,,"请林总出面主持公道","林总在工作群里发了一条请各位以项目为重。两边暂时收敛了，但给你贴了个动不动就往上捅的标签。",-1,-1,-1,-1,-4,neutral,diplomatic,,
T0123,client_call,"甲方突然来电话",E023,"客户突然要求现场演示",time_pressure,zhang_zong,2,FALSE,,"连夜赶制完整演示版本","Demo虽然有些细节粗糙但覆盖了所有关键功能，董事会频频点头。张总说不错。",-2,-1,2,-1,-2,time_heavy;satisfaction_boost,professional,,
T0124,client_call,"甲方突然来电话",E023,"客户突然要求现场演示",time_pressure,zhang_zong,2,FALSE,,"用现有材料拼接一个快速展示","演示不算惊艳但没出什么大错。张总说了句还行——你花了一整晚琢磨他到底是不是反话。",-1,-1,-1,1,-2,neutral,professional,,
T0125,client_call,"甲方突然来电话",E023,"客户突然要求现场演示",time_pressure,zhang_zong,2,FALSE,,"推说核心模块在升级中，发录屏替代","录屏发出后，张总回复了三个字：知道了。这三个字让你反复琢磨了一个晚上。",0,1,-2,1,0,budget_gain;satisfaction_hit,safe,,
T0126,supplier_chain,"供应商集体掉链子",E024,"供应商坐地起价",budget_conflict,gongying_wang,1,FALSE,,"咬牙接受新报价","钱花出去了，但交付质量确实没话说。财务小周在群里发了句已备案——你听出了无奈。",0,-2,1,-1,-2,budget_drain,professional,,
T0127,supplier_chain,"供应商集体掉链子",E024,"供应商坐地起价",budget_conflict,gongying_wang,1,FALSE,,"寻找替代供应商","找了三家备选，最终谈下了一家性价比更好的。虽然多花了不少时间，但预算保住了。",-2,-1,1,-1,-3,time_heavy,professional,,
T0128,supplier_chain,"供应商集体掉链子",E024,"供应商坐地起价",budget_conflict,gongying_wang,1,FALSE,,"强硬拒绝并要求按原价执行","王姐勉强同意了，但挂电话前说了句下次不接你们项目了——供应商关系岌岌可危。",-1,-1,-1,2,-1,risk_taker,risky,,
T0129,annual_report,"年报披露倒计时",E025,"八部门数据收集混战",time_pressure,caiwu_zhou,2,FALSE,,"设计统一模板强制各部门填写","模板发出后，六个部门回复了，两个部门装没看见。你追了三天，终于收齐了。数据质量好多了。",-2,-1,-1,-2,-6,time_heavy;risk_reducer,formal,,
T0130,annual_report,"年报披露倒计时",E025,"八部门数据收集混战",time_pressure,caiwu_zhou,2,FALSE,,"各部门自行提交，后期统一汇总清洗","收上来的数据五花八门，你花了一个下午拼凑，勉强凑出了一份能看的报告。",-1,-1,-1,1,-2,neutral,professional,,
T0131,annual_report,"年报披露倒计时",E025,"八部门数据收集混战",time_pressure,caiwu_zhou,2,FALSE,,"只收集碳排放量最大的3个核心部门","核心数据到位了，但报告里有一行小字注释：数据覆盖80%运营体量。合规陈老师欲言又止。",-1,-1,1,1,0,neutral,professional,partial_esg_data,
T0132,annual_report,"年报披露倒计时",E026,"实习生把碳排放数据填反了",risk_compliance,shixi_xu,2,FALSE,,"紧急叫停打印，亲自逐行核对修正","及时截住了打印店的输出，数据改回来了。小许在旁边看着你改，眼眶有点红。",-2,-1,1,-2,-4,time_heavy;risk_reducer,formal,,
T0133,annual_report,"年报披露倒计时",E026,"实习生把碳排放数据填反了",risk_compliance,shixi_xu,2,FALSE,,"让小许自己去跟打印店和审核方解释","小许打了三个电话，打印店同意重新出样，但内部审核时间错过了。客户张总发了个问号。",0,1,-1,2,2,budget_gain;risk_taker,risky,esg_data_error,
T0134,annual_report,"年报披露倒计时",E026,"实习生把碳排放数据填反了",risk_compliance,shixi_xu,2,FALSE,,"标注数据口径调整中先行提交","报告提交了，但审核意见第一条就是：请确认数据口径。你没有正面回答。",0,1,-1,1,1,budget_gain,safe,esg_data_error,
T0135,annual_report,"年报披露倒计时",E027,"甲方群里追加社会责任案例",satisfaction_mgmt,shenmi_qun,1,FALSE,,"从公司现有项目里挖掘包装案例","你翻了去年的活动记录，找到了两次社区志愿活动和一次绿色办公倡议。包装一下，看起来还挺像样的。",-2,-1,1,-1,-3,time_heavy,professional,,
T0136,annual_report,"年报披露倒计时",E027,"甲方群里追加社会责任案例",satisfaction_mgmt,shenmi_qun,1,FALSE,,"请甲方明确公益案例的定义和标准","甲方群沉默了两个小时，最后回了一句你们专业的应该知道。",-1,-1,-1,-1,-4,neutral,professional,,
T0137,annual_report,"年报披露倒计时",E027,"甲方群里追加社会责任案例",satisfaction_mgmt,shenmi_qun,1,FALSE,,"联系外部咨询公司快速包装案例","咨询公司两天出了三个经过第三方验证的案例。甲方很满意，财务小周很心疼。",0,-2,1,1,0,budget_drain,professional,,
T0138,regulatory,"监管问询来函",E028,"第三方审计提前一周入场",risk_compliance,hegui_chen,3,FALSE,,"全员加班整理底稿到天亮","熬到凌晨三点，底稿全部整理归档。审计进场时，你们整整齐齐地摆出了十二个文件夹。陈老师点了头。",-2,-1,-1,-3,-7,time_heavy;risk_reducer,formal,,
T0139,regulatory,"监管问询来函",E028,"第三方审计提前一周入场",risk_compliance,hegui_chen,3,FALSE,,"申请延迟审计，争取一周准备时间","审计方勉强同意延迟三天，但备注了一句准备不充分。",0,1,-1,1,1,budget_gain,safe,,
T0140,regulatory,"监管问询来函",E028,"第三方审计提前一周入场",risk_compliance,hegui_chen,3,FALSE,,"先提交整理好的部分，其余的补充中","审计员翻了一遍已有的材料，在底稿备注里写了资料不完整，需后续跟踪。",-1,-1,-1,1,-2,neutral,professional,,
T0141,supplier_chain,"供应商集体掉链子",E029,"供应商ESG数据缺第三方认证",risk_compliance,gongying_wang,2,FALSE,,"要求王姐加急办理认证","加急费花出去了，认证机构承诺三天出报告。王姐说下不为例。",-1,-1,1,-2,-3,risk_reducer,formal,,
T0142,supplier_chain,"供应商集体掉链子",E029,"供应商ESG数据缺第三方认证",risk_compliance,gongying_wang,2,FALSE,,"换一家认证机构走绿色通道","新的认证机构两天就出了报告。虽然贵了不少，但时间赶上了。",-1,-2,1,-1,-3,budget_drain,professional,,
T0143,supplier_chain,"供应商集体掉链子",E029,"供应商ESG数据缺第三方认证",risk_compliance,gongying_wang,2,FALSE,,"先使用未认证数据，标注待核查","报告按时提交，但合规陈老师在审批意见里写了长长的一段——核心意思是这个风险你们自己掂量。",0,1,-1,2,2,budget_gain;risk_taker,risky,uncertified_esg_data,
T0144,budget_cut,"项目预算被砍30%",E030,"ESG认证费超出预算",budget_conflict,caiwu_zhou,2,FALSE,,"申请林总特批追加预算","林总签了字，但说了一句ESG这个事，明年要提前规划。钱到账了，但你的面子也花出去了。",-1,-1,-1,-2,-5,risk_reducer,formal,,
T0145,budget_cut,"项目预算被砍30%",E030,"ESG认证费超出预算",budget_conflict,caiwu_zhou,2,FALSE,,"换成简化版认证方案","简化版认证只覆盖了核心指标，报告封面上少了那个闪亮的认证徽标。",0,1,-1,1,1,budget_gain,safe,,
T0146,budget_cut,"项目预算被砍30%",E030,"ESG认证费超出预算",budget_conflict,caiwu_zhou,2,FALSE,,"用内部审核替代外部认证","合规陈老师签了内部审核意见，但她说内部审核和外部认证是两回事，监管不一定认。",-1,1,-1,2,1,budget_gain;risk_taker,risky,,
T0147,roadshow,"路演前24小时",E031,"董事会推翻路演PPT",satisfaction_mgmt,zhang_zong,3,FALSE,,"重构PPT叙事逻辑，讲好增长故事","你花了两天时间重新梳理了公司的成长脉络，新PPT从行业痛点讲到我们的解法再讲到市场空间。董事会这次说了有感觉。",-2,-1,2,-1,-2,time_heavy;satisfaction_boost,professional,,
T0148,roadshow,"路演前24小时",E031,"董事会推翻路演PPT",satisfaction_mgmt,zhang_zong,3,FALSE,,"调整封面和目录，内页框架不变","换了封面设计、改了目录结构、加了过渡页。看起来像新的一样——希望董事会只看表面。",-1,-1,-1,1,-2,neutral,professional,,
T0149,roadshow,"路演前24小时",E031,"董事会推翻路演PPT",satisfaction_mgmt,zhang_zong,3,FALSE,,"请外部设计团队重新包装","设计团队用了一天半出了一个精美的版本，董事会的反馈从没有感觉变成了这才像IPO的样子。",-1,-2,2,-1,-2,budget_drain;satisfaction_boost,professional,,
T0150,roadshow,"路演前24小时",E032,"基石投资者突然加条件",risk_compliance,shenmi_qun,2,FALSE,,"按要求补充披露，全面配合","补充披露花了额外时间，但投资者表示信息披露充分，增强了认购信心。合规陈老师说这是她见过的最透明的招股书。",-2,-1,1,-3,-5,time_heavy;risk_reducer,formal,,
T0151,roadshow,"路演前24小时",E032,"基石投资者突然加条件",risk_compliance,shenmi_qun,2,FALSE,,"协商简化披露范围","经过两轮协商，投资者同意只披露关联交易风险部分，质押情况用已按监管要求披露一句带过。",-1,-1,-1,1,-2,neutral,professional,,
T0152,roadshow,"路演前24小时",E032,"基石投资者突然加条件",risk_compliance,shenmi_qun,2,FALSE,,"暗示投资者这类问题市场惯例不披露","投资者没有再追问，但他们的法律顾问在尽调清单里加了三页关于信息披露完整性的问题。",0,1,-1,2,2,budget_gain;risk_taker,risky,,
T0153,budget_cut,"项目预算被砍30%",E033,"路演预算缺口20%",budget_conflict,caiwu_zhou,2,FALSE,,"从其他项目预算中临时调配","你把峰会项目的预算挪了一部分过来。小周帮你做了账面上的合理调整——她说这不叫挪用，叫资源优化配置。",-1,-1,-1,1,-2,neutral,professional,,
T0154,budget_cut,"项目预算被砍30%",E033,"路演预算缺口20%",budget_conflict,caiwu_zhou,2,FALSE,,"申请林总特批追加路演预算","林总沉吟了一下，说IPO是头等大事，批了追加。但你的年度预算考核可能要重新谈了。",-2,-1,-1,-1,-5,time_heavy,professional,,
T0155,budget_cut,"项目预算被砍30%",E033,"路演预算缺口20%",budget_conflict,caiwu_zhou,2,FALSE,,"接受降级，缩小路演规模","路演场地从五星级酒店换成写字楼会议室，茶歇缩水了。张总说没关系——但你听出了失望。",0,1,-1,1,1,budget_gain,safe,,
T0156,roadshow,"路演前24小时",E034,"实习生把投资者名单发错了",risk_compliance,shixi_xu,2,FALSE,,"紧急撤回邮件并逐一电话道歉","你打了六个电话，发了三封道歉邮件。对方虽然不悦但接受了道歉。小许在旁边做笔记——这次他应该不会再犯这个错了。",-2,-1,-1,-2,-6,time_heavy;risk_reducer,formal,,
T0157,roadshow,"路演前24小时",E034,"实习生把投资者名单发错了",risk_compliance,shixi_xu,2,FALSE,,"将错就错，加一句供参考统一口径","目前还没人提出异议。但你每次看到小许的工位，都会想起这件事。",0,1,-1,2,2,budget_gain;risk_taker,risky,investor_mixup,
T0158,roadshow,"路演前24小时",E034,"实习生把投资者名单发错了",risk_compliance,shixi_xu,2,FALSE,,"让小许自己去面对投资者","小许打电话给投资者解释，对方说没事，新人嘛。但转头就在行业群里抱怨了你们的不专业。",0,1,-1,1,1,budget_gain,safe,,
T0159,supplier_chain,"供应商集体掉链子",E035,"路演物料印刷延误",time_pressure,gongying_wang,1,FALSE,,"换一种纸张规格立即开印","换了克重稍低的纸，质感差了一点但时间赶上了。张总摸了摸封面没说话——算你过关。",-1,-1,1,-1,-2,neutral,professional,,
T0160,supplier_chain,"供应商集体掉链子",E035,"路演物料印刷延误",time_pressure,gongying_wang,1,FALSE,,"加钱加急从外地调纸","空运调纸花了平时三倍的价钱，但成品在路演前一天送到了。印刷品拿在手里的质感让张总说了句专业。",-1,-2,1,-1,-3,budget_drain,professional,,
T0161,supplier_chain,"供应商集体掉链子",E035,"路演物料印刷延误",time_pressure,gongying_wang,1,FALSE,,"改用电子版物料替代印刷品","你给每位投资者发了一个iPad预装了电子版材料。有人夸环保，有人私下说不够正式。",1,1,-1,1,2,time_save;budget_gain,professional,,
T0162,regulatory,"监管问询来函",E036,"保荐人要求补充尽调",risk_compliance,zhang_zong,3,FALSE,,"组织专项小组全面配合尽调","找了两个实习生加一个财务同事，翻了三天的档案。尽调报告出来后，保荐人说非常详实。",-2,-1,1,-3,-5,time_heavy;risk_reducer,formal,,
T0163,regulatory,"监管问询来函",E036,"保荐人要求补充尽调",risk_compliance,zhang_zong,3,FALSE,,"协商缩小尽调范围","保荐人同意只查最近一年加重大关联交易。工作量减半，但保荐人备注了一句基于重要性原则——这是给自己留后路。",-1,-1,-1,1,-2,neutral,professional,,
T0164,regulatory,"监管问询来函",E036,"保荐人要求补充尽调",risk_compliance,zhang_zong,3,FALSE,,"申请延后尽调到路演之后","保荐人勉强同意了，但在招股书的风险因素章节加了一条关于尽调未完成的披露。",1,1,-1,2,3,time_save;budget_gain;risk_taker,risky,,
T0165,system_launch,"系统上线第一天",E037,"路演现场设备全部不兼容",time_pressure,jishu_zhe,1,FALSE,,"紧急协调酒店IT更换兼容设备","酒店IT部送来了一台兼容的投影仪，阿哲用了十分钟调试好了。路演推迟了五分钟开始——在合理范围内。",-1,-1,1,-1,-2,neutral,professional,,
T0166,system_launch,"系统上线第一天",E037,"路演现场设备全部不兼容",time_pressure,jishu_zhe,1,FALSE,,"改用iPad屏幕共享替代投影","阿哲临时搭了个屏幕共享，但画面延迟了两秒，翻页的时候PPT上的图表和你的解说对不上。",0,1,-1,1,1,budget_gain,safe,,
T0167,system_launch,"系统上线第一天",E037,"路演现场设备全部不兼容",time_pressure,jishu_zhe,1,FALSE,,"放弃PPT，口头演讲加纸质材料","你拿着打印版PPT，全靠口头发挥。张总说你的口才比PPT好——你不知道这是夸还是损。",0,1,-1,1,1,budget_gain,safe,,
T0168,event_day,"活动签到当天",E038,"座位表引发的排位战争",satisfaction_mgmt,shenmi_qun,1,FALSE,,"按赞助金额排序，公开发布排位规则","规则公开后，两家闭嘴了，还有一家说那我们明年升级。主办方觉得你这个坏人当得不错。",-1,-1,-1,-1,-4,neutral,professional,,
T0169,event_day,"活动签到当天",E038,"座位表引发的排位战争",satisfaction_mgmt,shenmi_qun,1,FALSE,,"紧急换成圆桌制，不分主次","连夜把课桌式改成了圆桌式，三家都坐在第一圈。供应商王姐抱怨临时改布局多花了不少钱。",-2,-1,1,-1,-3,time_heavy,professional,,
T0170,event_day,"活动签到当天",E038,"座位表引发的排位战争",satisfaction_mgmt,shenmi_qun,1,FALSE,,"按确认参会的时间先后排序","最早确认那家很满意，另外两家在群里发了一长串建议。",0,1,-1,1,1,budget_gain,safe,,
T0171,event_day,"活动签到当天",E039,"200张胸牌全部印错了",time_pressure,shixi_xu,2,FALSE,,"紧急联系打印店加急重印","打印店被你的加急费打动，一小时内出了200张新胸牌。小许在打印店蹲到了最后一分钟。",-1,-2,1,-1,-3,budget_drain,professional,,
T0172,event_day,"活动签到当天",E039,"200张胸牌全部印错了",time_pressure,shixi_xu,2,FALSE,,"现场准备手写更正标签","签到处旁边摆了一张更正台，志愿者帮你手写标签贴在胸牌上。有嘉宾开玩笑说这是限量手写版。",-1,-1,-1,1,-2,neutral,professional,,
T0173,event_day,"活动签到当天",E039,"200张胸牌全部印错了",time_pressure,shixi_xu,2,FALSE,,"将错就错，解释说行业惯例用简称","有三位嘉宾当场指出公司名称不对。你说这是内部简称——你自己都不信。",0,1,-2,1,0,budget_gain;satisfaction_hit,safe,,
T0174,event_day,"活动签到当天",E040,"签到系统在开场前崩溃",time_pressure,jishu_zhe,2,FALSE,,"立即切换人工签到模式","你调了三个工作人员到签到处，用纸质名单逐一核对。虽然慢了十分钟，但没有人被遗漏。",-2,-1,1,-2,-4,time_heavy;risk_reducer,formal,,
T0175,event_day,"活动签到当天",E040,"签到系统在开场前崩溃",time_pressure,jishu_zhe,2,FALSE,,"让阿哲在现场抢修系统","阿哲在后台疯狂敲代码，十五分钟后系统恢复了。但已经有十几位嘉宾在签到处排队等了半天。",-1,-1,-1,1,-2,neutral,professional,,
T0176,event_day,"活动签到当天",E040,"签到系统在开场前崩溃",time_pressure,jishu_zhe,2,FALSE,,"先让嘉宾进场，签到后面再补","嘉宾顺利入场，峰会准时开始。但你心里清楚——会后名单能不能对上，又要看运气了。",1,1,-1,2,3,time_save;budget_gain;risk_taker,risky,summit_checkin_gap,
T0177,event_day,"活动签到当天",E041,"主办方临时要求加圆桌讨论",satisfaction_mgmt,gongying_wang,2,FALSE,,"接受要求，紧急调配资源","你打了五通电话，从隔壁酒店借了沙发和话筒。圆桌环节顺利进行，主办方说你们的响应速度很专业。",-2,-1,1,-1,-3,time_heavy,professional,,
T0178,event_day,"活动签到当天",E041,"主办方临时要求加圆桌讨论",satisfaction_mgmt,gongying_wang,2,FALSE,,"与主办方沟通简化环节","你和主办方协商把圆桌改成台上沙发访谈——用现有的资源就能搞定。主办方说也行。",-1,-1,1,-1,-2,neutral,professional,,
T0179,event_day,"活动签到当天",E041,"主办方临时要求加圆桌讨论",satisfaction_mgmt,gongying_wang,2,FALSE,,"说明时间不足，建议下次再安排","主办方表示了理解，但在活动反馈表上灵活性一项打了3分（满分5）。",0,1,-1,1,1,budget_gain,safe,,
T0180,supplier_chain,"供应商集体掉链子",E042,"峰会展示物料被快递弄丢",time_pressure,gongying_wang,1,FALSE,,"紧急联系本地印刷公司连夜赶制","本地印刷公司接了你这份加急到离谱的单子，凌晨四点出货。物料在峰会开始前送到了。",-1,-2,1,-1,-3,budget_drain,professional,,
T0181,supplier_chain,"供应商集体掉链子",E042,"峰会展示物料被快递弄丢",time_pressure,gongying_wang,1,FALSE,,"用电子屏幕和投影替代实体物料","现场临时调了几块电子屏做展示。效果其实还行，但主办方说少了实体展示的质感。",-1,-1,-1,1,-2,neutral,professional,,
T0182,supplier_chain,"供应商集体掉链子",E042,"峰会展示物料被快递弄丢",time_pressure,gongying_wang,1,FALSE,,"联系快递公司索赔，等物料送到","你打了半小时客服电话，最后被告知包裹可能在路上。你把赌注押在了快递员的身上。",0,1,-1,2,2,budget_gain;risk_taker,risky,,
T0183,budget_cut,"项目预算被砍30%",E043,"峰会实际支出超预算35%",budget_conflict,caiwu_zhou,1,FALSE,,"如实向林总汇报，附详细说明","林总看了你逐条列出的超支原因，沉默了一下说下不为例。虽然没被批评，但年底预算复盘时这会被翻出来。",-1,-1,-1,-1,-4,neutral,professional,,
T0184,budget_cut,"项目预算被砍30%",E043,"峰会实际支出超预算35%",budget_conflict,caiwu_zhou,1,FALSE,,"从其他项目预算调剂平账","小周帮你把超支部分分摊到了三个仍在进行中的项目里。账面上平了，但如果审计抽样查到了……",-1,-1,-1,2,-1,risk_taker,risky,,
T0185,budget_cut,"项目预算被砍30%",E043,"峰会实际支出超预算35%",budget_conflict,caiwu_zhou,1,FALSE,,"用赞助升级和品牌曝光增量包装超支","你写了一份漂亮的复盘报告，把超支包装成品牌升级投资，附上了媒体曝光数据和客户好评截图。林总看完说值。",-2,-1,1,-1,-3,time_heavy,professional,,
T0186,regulatory,"监管问询来函",E044,"ESG数据错误被监管关注",risk_compliance,hegui_chen,3,FALSE,,"主动向监管提交更正说明","更正说明提交后，监管回复了已知悉——这三个字在合规界是好消息。陈老师说这次算你反应快。",-2,-1,-1,-2,-6,time_heavy;risk_reducer,formal,,esg_data_error
T0187,regulatory,"监管问询来函",E044,"ESG数据错误被监管关注",risk_compliance,hegui_chen,3,FALSE,,"请合规陈老师协助起草回复口径","陈老师帮你起草了一份措辞巧妙的回复，把数据错误表述为统计口径调整。监管暂时没有追问。",-1,-1,-1,-1,-4,neutral,professional,,esg_data_error
T0188,regulatory,"监管问询来函",E044,"ESG数据错误被监管关注",risk_compliance,hegui_chen,3,FALSE,,"推说数据来自供应商，转嫁责任","你回复监管说数据由供应商提供，我方正在核实。供应商王姐听说后很不高兴，但暂时没跟你撕破脸。",0,1,-2,2,1,budget_gain;satisfaction_hit;risk_taker,risky,blame_vendor,esg_data_error
T0189,client_call,"甲方突然来电话",E045,"甲方群深夜@所有人",time_pressure,shenmi_qun,2,FALSE,,"爬起来打开电脑准备复盘材料","你熬到凌晨三点做完了一份清晰的复盘。第二天CEO说这才是专业的项目管理。甲方群发了个大拇指。",-2,-1,2,-1,-2,time_heavy;satisfaction_boost,professional,,
T0190,client_call,"甲方突然来电话",E045,"甲方群深夜@所有人",time_pressure,shenmi_qun,2,FALSE,,"明早提前一小时到公司临场发挥","你早上匆忙拼凑了一份大纲，现场发挥还算流畅。但CEO问的一个关键数据你没准备——你说会后补充。",-1,-1,-1,1,-2,neutral,professional,,
T0191,client_call,"甲方突然来电话",E045,"甲方群深夜@所有人",time_pressure,shenmi_qun,2,FALSE,,"回复说明天先做常规汇报，完整复盘另行安排","甲方回复了一个好的——你别有用心地解读了这两个字好几分钟。",0,1,-1,1,1,budget_gain,safe,,
T0192,internal_review,"领导查看中期版本",E046,"小许的自动回复闯祸了",satisfaction_mgmt,shixi_xu,1,FALSE,,"替小许向张总解释并道歉","你打了一通电话解释，张总说没事，新人嘛——但加了一句下次抄送之前确认一下。你替小许挡了一枪。",-1,-1,-1,-1,-4,neutral,professional,,
T0193,internal_review,"领导查看中期版本",E046,"小许的自动回复闯祸了",satisfaction_mgmt,shixi_xu,1,FALSE,,"让小许自己写道歉邮件","小许写了封措辞紧张的道歉邮件。张总回复了收到——小许说这是他人生中最漫长的等待。",0,1,-1,1,1,budget_gain,safe,,
T0194,internal_review,"领导查看中期版本",E046,"小许的自动回复闯祸了",satisfaction_mgmt,shixi_xu,1,FALSE,,"幽默化解，说这说明我们的回复效率很高","张总被逗笑了，回了句你们团队确实很热情。危机暂时化解了，但你担心这种幽默不是每次都管用。",0,1,1,1,3,budget_gain,safe,,
T0195,scope_creep,"客户突然加需求",M001,"客户不满意初步方案",satisfaction_mgmt,zhang_zong,2,FALSE,,"立刻调原始数据，重做核心逻辑","你翻出所有底层数据，熬夜重做了方案的数据部分。第二天张总看到新版本，点了头：「这才像话。」",-2,0,1,-1,-2,time_heavy,professional,,
T0196,scope_creep,"客户突然加需求",M001,"客户不满意初步方案",satisfaction_mgmt,zhang_zong,2,FALSE,,"调整排版和表述方式，内容基本不变","换了字体、配色和标题措辞。张总回了两个字：「收到。」你觉得事情还没完。",-1,0,-1,1,-1,neutral,safe,,
T0197,scope_creep,"客户突然加需求",M001,"客户不满意初步方案",satisfaction_mgmt,zhang_zong,2,FALSE,,"打电话给张总逐条确认具体意见","张总在电话里说了半天，核心意思是「我也说不清哪里不好，但就是不够好」。你挂了电话，知道这个结暂时解不开了。",-1,0,-1,-1,-3,neutral,safe,,
T0198,scope_creep,"客户突然加需求",M001_S2A,"方案重做后的新问题（阶段 2/2）",satisfaction_mgmt,zhang_zong,2,FALSE,,"答应追加，加班做对标分析","你花了整个下午做出一份漂亮的行业对标。张总看完直接转发给了董事会——这次是真满意了。",-2,0,2,-1,-1,time_heavy;satisfaction_boost,professional,,
T0199,scope_creep,"客户突然加需求",M001_S2A,"方案重做后的新问题（阶段 2/2）",satisfaction_mgmt,zhang_zong,2,FALSE,,"说明时间有限，建议放到二期","你用专业判断说服了张总。「你说的对，质量比数量重要。」——这是一个成熟的客户。",0,0,1,-1,0,neutral,safe,,
T0200,scope_creep,"客户突然加需求",M001_S2B,"客户追问：你到底改了哪里？（阶段 2/2）",satisfaction_mgmt,zhang_zong,2,FALSE,,"这次认真做改动，补充所有细节","你把前两次该做的事合在一起做了。张总最后说「好多了」，但你在心里叹了口气。早知如此，不如第一次就认真改。",-2,0,1,-1,-2,time_heavy,professional,,
T0201,scope_creep,"客户突然加需求",M001_S2B,"客户追问：你到底改了哪里？（阶段 2/2）",satisfaction_mgmt,zhang_zong,2,FALSE,,"整理一份修改对照表，逐条回复","你做了个EXCEL，左边是原文，右边是修改。张总看了半天没回复。一周后他忘了这件事。",-1,0,-1,-1,-3,neutral,safe,,
T0202,scope_creep,"客户突然加需求",M002,"甲方群追加紧急需求",time_pressure,shenmi_qun,2,FALSE,,"停掉手头工作，全力赶预算草案","你暂停了其他工作，加班到深夜把预算草案做出来了。甲方群回了一个大拇指。但你的其他两个截止日期已经过了。",-2,0,1,-1,-2,time_heavy,professional,,
T0203,scope_creep,"客户突然加需求",M002,"甲方群追加紧急需求",time_pressure,shenmi_qun,2,FALSE,,"回复说明时间紧张，请求延期到后天","你诚恳地说明了当前的工作量。甲方群沉默了一个小时后说：「那后天早上。」——语气不太高兴。",-1,0,-1,-1,-3,neutral,safe,,
T0204,scope_creep,"客户突然加需求",M002,"甲方群追加紧急需求",time_pressure,shenmi_qun,2,FALSE,,"找同事帮忙分出一部分工作","你请技术阿哲帮忙整理了数据部分，自己专注做预算框架。总算是赶上了——不过欠了阿哲一个人情。",-1,-1,1,0,-1,neutral,safe,,
T0205,scope_creep,"客户突然加需求",M002_S2A,"其他工作的连锁反应（阶段 2/2）",time_pressure,lin_zong,2,FALSE,,"熬夜把两份材料赶出来","你在办公室待到凌晨两点。材料交了，但质量你自己都不太满意。林总说了句「下次注意优先级」——你苦笑了一下。",-2,0,-1,1,-2,time_heavy,professional,,
T0206,scope_creep,"客户突然加需求",M002_S2A,"其他工作的连锁反应（阶段 2/2）",time_pressure,lin_zong,2,FALSE,,"诚实地向林总说明情况","你解释了甲方群临时需求的情况。林总沉默了几秒：「下次这种事提前说，我可以帮你协调。」——不算好结局，但也不算坏。",0,0,-1,1,0,neutral,safe,,
T0207,scope_creep,"客户突然加需求",M002_S2B,"甲方群的不满发酵（阶段 2/2）",satisfaction_mgmt,shenmi_qun,2,FALSE,,"亲自打电话给甲方解释并道歉","电话里你态度诚恳，甲方对接人最后说「理解理解，你们也不容易」。虽然花了时间，但关系修复了。",-1,0,1,-1,-1,neutral,safe,,
T0208,scope_creep,"客户突然加需求",M002_S2B,"甲方群的不满发酵（阶段 2/2）",satisfaction_mgmt,shenmi_qun,2,FALSE,,"把已完成的预算草案先发过去，承诺后续完善","你发了份半成品过去。对方说「好的」，但你知道这种敷衍迟早会有代价。",0,0,-1,1,0,neutral,safe,,
T0209,scope_creep,"客户突然加需求",M002_S2C,"人情的代价（阶段 2/2）",budget_conflict,jishu_zhe,2,FALSE,,"请阿哲喝杯奶茶，口头感谢","一杯奶茶换一份数据整理，你觉得自己赚了。阿哲喝着奶茶说「下次请星巴克」——你知道这是朋友间的玩笑。",0,-1,1,-1,-1,neutral,safe,,
T0210,scope_creep,"客户突然加需求",M002_S2C,"人情的代价（阶段 2/2）",budget_conflict,jishu_zhe,2,FALSE,,"下次主动帮阿哲分担工作","你记下了这个人情。在职场里，互相帮衬比什么都重要。下次阿哲需要帮忙的时候，你会第一个站出来。",0,0,1,1,2,neutral,safe,,
T0211,system_launch,"系统上线第一天",M003,"OA系统大面积崩溃",time_pressure,jishu_zhe,3,FALSE,,"立刻重新整理审批材料，做好最坏打算","你翻出邮件备份和本地草稿，开始重做审批材料。半小时后阿哲说数据恢复了——但你的重做版比原版更完整。",-2,0,0,-1,-3,time_heavy,professional,,
T0212,system_launch,"系统上线第一天",M003,"OA系统大面积崩溃",time_pressure,jishu_zhe,3,FALSE,,"等待阿哲的抢修结果","你选择了等待。两个小时后阿哲说「大部分数据保住了，但有零星的丢失」。你的那份审批——恰好在丢失的那批里。",0,0,0,1,1,neutral,safe,,
T0213,system_launch,"系统上线第一天",M003,"OA系统大面积崩溃",time_pressure,jishu_zhe,3,FALSE,,"请阿哲优先检查你的审批记录","阿哲帮你查了——你的审批记录完好。但他也说了：「下次别插队，我按优先级处理的。」",-1,0,1,-1,-1,neutral,safe,,
T0214,system_launch,"系统上线第一天",M003_S2A,"数据恢复后的发现（阶段 2/3）",risk_compliance,jishu_zhe,2,FALSE,,"支持阿哲上报并修复漏洞","漏洞被修复了，合规部发了全员表扬邮件。虽然花了时间，但避免了一个潜在的灾难。",-1,0,1,-2,-2,risk_reducer,formal,,
T0215,system_launch,"系统上线第一天",M003_S2A,"数据恢复后的发现（阶段 2/3）",risk_compliance,jishu_zhe,2,FALSE,,"建议阿哲静默修复，不要声张","阿哲修了漏洞但没上报。你知道这种事情如果以后被发现，后果会更严重。",0,0,-1,1,0,neutral,safe,,
T0216,system_launch,"系统上线第一天",M003_S2B,"审批数据丢失之后（阶段 2/3）",time_pressure,lin_zong,2,FALSE,,"逐个部门拜访重新签字","你跑了三趟，每个人都给你签了。虽然累，但你顺便和各部门聊了聊——信息就是权力。",-2,0,1,0,-1,time_heavy,safe,,
T0217,system_launch,"系统上线第一天",M003_S2B,"审批数据丢失之后（阶段 2/3）",time_pressure,lin_zong,2,FALSE,,"发邮件请求电子签","邮件发出去了。两个部门当天回了，一个部门三天后才回。效率参差不齐。",-1,0,-1,0,-2,neutral,safe,,
T0218,system_launch,"系统上线第一天",M003_S2C,"阿哲的额外请求（阶段 2/3）",satisfaction_mgmt,jishu_zhe,2,FALSE,,"花时间帮他润色文档","你把技术术语翻译成了人话。阿哲说「太强了」，客户看了也觉得清晰。你又多了一个在技术部欠你人情的人。",-1,0,1,-1,-1,neutral,safe,,
T0219,system_launch,"系统上线第一天",M003_S2C,"阿哲的额外请求（阶段 2/3）",satisfaction_mgmt,jishu_zhe,2,FALSE,,"简单看一下给几条建议","你扫了一眼，给了两条建议。阿哲说「够了，谢谢」。你没有欠什么，也没有得到什么。",0,0,1,1,2,neutral,safe,,
T0220,system_launch,"系统上线第一天",M003_S3A,"系统的教训（最终阶段）",time_pressure,lin_zong,2,FALSE,,"总结一份故障应对SOP分享给团队","你写了一份《系统故障应对SOP》，林总转发给了全公司。你在复盘会上被点名表扬——「这就是专业素质。」",-1,0,2,-1,0,satisfaction_boost,safe,,
T0221,system_launch,"系统上线第一天",M003_S3A,"系统的教训（最终阶段）",time_pressure,lin_zong,2,FALSE,,"私下归档，经验自己留着","你把经验教训记在了自己的文档里。下次类似情况你会处理得更快，但团队没有任何成长。",0,0,1,-1,0,neutral,safe,,
T0222,system_launch,"系统上线第一天",M003_S3B,"系统的教训（最终阶段）",time_pressure,jishu_zhe,2,FALSE,,"和阿哲一起推动自动化备份","你们花了一个下午配置了自动备份脚本。阿哲说「这下以后少一个背锅的理由了」——你笑了。",-1,-1,0,-2,-4,risk_reducer,formal,,
T0223,system_launch,"系统上线第一天",M003_S3B,"系统的教训（最终阶段）",time_pressure,jishu_zhe,2,FALSE,,"接受风险，继续手头工作","你决定不在这件事上再花时间。下次系统会不会再崩？不知道。但你还有更紧急的事要处理。",0,0,0,1,1,neutral,safe,,
T0224,roadshow,"路演前24小时",M004,"大屏演示前的致命故障",risk_compliance,jishu_zhe,2,FALSE,,"立刻换会议室，重新布置","你带团队在15分钟内把隔壁会议室布置好了。客户到的时候一切就绪——他们甚至不知道刚才发生了什么。",-2,0,1,-2,-3,time_heavy;risk_reducer,formal,,
T0225,roadshow,"路演前24小时",M004,"大屏演示前的致命故障",risk_compliance,jishu_zhe,2,FALSE,,"用笔记本电脑+投屏器应急","阿哲从他的包里掏出一个投屏器。画面是小了点，但能看。客户没说什么，但你注意到他们皱眉了。",-1,0,0,1,0,neutral,safe,,
T0226,roadshow,"路演前24小时",M004,"大屏演示前的致命故障",risk_compliance,jishu_zhe,2,FALSE,,"向客户坦诚说明并推迟15分钟","你在门口迎接客户时坦诚了情况。客户说「没关系，我们也经常遇到」——但你知道他们心里记了一笔。",0,0,-1,1,0,neutral,safe,,
T0227,roadshow,"路演前24小时",M004_S2A,"演示成功之后（阶段 2/2）",time_pressure,lin_zong,2,FALSE,,"主动写故障报告并推动设备更新","你写的故障报告被IT部采纳了，会议室设备下个月全部更新。你成了「设备更新推动者」——一个意想不到的标签。",-1,0,2,-1,0,satisfaction_boost,safe,,
T0228,roadshow,"路演前24小时",M004_S2A,"演示成功之后（阶段 2/2）",time_pressure,lin_zong,2,FALSE,,"让IT部门自己排查，你继续工作","你给IT发了封邮件说明了情况。他们回复「已记录」——然后就没有然后了。下次演示可能还会遇到同样的问题。",0,0,1,1,2,neutral,safe,,
T0229,roadshow,"路演前24小时",M004_S2B,"演示效果打折扣（阶段 2/2）",satisfaction_mgmt,zhang_zong,2,FALSE,,"连夜优化所有图表尺寸并发送高清版","你加班调整了所有图表的字号和对比度，发了一份高清PDF。张总回复「收到，很清楚」——虽然你怀疑他根本没打开。",-2,0,1,-1,-2,time_heavy,professional,,
T0230,roadshow,"路演前24小时",M004_S2B,"演示效果打折扣（阶段 2/2）",satisfaction_mgmt,zhang_zong,2,FALSE,,"发邮件总结要点，附上原始数据","你写了份详细的邮件，把演示要点和底层数据都附上了。虽然没有挽回演示的瑕疵，但至少留下了专业的印象。",-1,0,1,-1,-1,neutral,safe,,
T0231,regulatory,"监管问询来函",M005,"监管突击检查通知",risk_compliance,hegui_chen,3,FALSE,,"组建突击小组，系统整理所有底稿","你找了实习生小许和阿哲帮忙，三个人花了两天整理出了完整底稿。陈老师抽查后说「比我想象的整齐」——这是一句极高的评价。",-2,0,0,-2,-4,time_heavy;risk_reducer,formal,,
T0232,regulatory,"监管问询来函",M005,"监管突击检查通知",risk_compliance,hegui_chen,3,FALSE,,"优先整理高风险项目底稿","你凭经验挑出了最容易被查的几个项目，重点整理了它们的底稿。其他的——到时候再说吧。",-2,0,0,-1,-3,time_heavy,professional,,
T0233,regulatory,"监管问询来函",M005,"监管突击检查通知",risk_compliance,hegui_chen,3,FALSE,,"先把能找的归档，其他的到时解释","你把现成的文件整齐地码好了。陈老师看了看说「这些肯定不够」，但时间确实来不及了。",-1,0,0,1,0,neutral,safe,,
T0234,regulatory,"监管问询来函",M005_S2A,"团队协作中的冲突（阶段 2/3）",time_pressure,shixi_xu,2,FALSE,,"亲自介入调解，找到折中方案","你翻了邮件记录，发现这份材料去年是通过邮件发送的，没有进系统。你让双方都松了一口气。",-1,0,1,-1,-1,neutral,safe,,
T0235,regulatory,"监管问询来函",M005_S2A,"团队协作中的冲突（阶段 2/3）",time_pressure,shixi_xu,2,FALSE,,"让小许继续找，你继续整其他材料","小许继续翻了两个小时终于找到了——在一个共享文件夹里。但这两个小时本可以用来做更重要的事。",0,0,-1,1,0,neutral,safe,,
T0236,regulatory,"监管问询来函",M005_S2B,"遗漏的底稿被发现（阶段 2/3）",risk_compliance,hegui_chen,2,FALSE,,"临时联系审批人补签","你花了半天找审批人补签——其中一个人已经在休假了，你打了三个电话才找到他。签是补上了，但每个人都觉得你很烦。",-2,0,-1,-1,-4,time_heavy,professional,,
T0237,regulatory,"监管问询来函",M005_S2B,"遗漏的底稿被发现（阶段 2/3）",risk_compliance,hegui_chen,2,FALSE,,"准备书面说明材料替代签字","你准备了一份详细的情况说明。陈老师说「检查的时候可以试试」——但她也说了「试试」而不是「没问题」。",-1,0,0,1,0,neutral,safe,,
T0238,regulatory,"监管问询来函",M005_S2C,"检查当天（阶段 2/3）",risk_compliance,hegui_chen,2,FALSE,,"坦诚说明情况并提供替代证据","你如实说明底稿不完整但提供了相关邮件和会议记录作为替代。检查人员记了一笔，但没有深究。",-1,0,-1,-1,-3,neutral,safe,,
T0239,regulatory,"监管问询来函",M005_S2C,"检查当天（阶段 2/3）",risk_compliance,hegui_chen,2,FALSE,,"现场翻找——能找多少是多少","你在检查人员面前翻箱倒柜——最后找到了一些材料。但这个过程本身就不太专业。",-2,0,-1,1,-2,time_heavy,professional,,
T0240,regulatory,"监管问询来函",M005_S3A,"检查结果出炉（最终阶段）",risk_compliance,hegui_chen,2,FALSE,,"推动建立底稿标准化流程","你写了份《底稿归档标准化SOP》，说服林总批准了。下次检查的时候，所有人都只需要按流程做——不用再突击了。",-1,-1,0,-2,-4,risk_reducer,formal,,
T0241,regulatory,"监管问询来函",M005_S3A,"检查结果出炉（最终阶段）",risk_compliance,hegui_chen,2,FALSE,,"记住教训但暂不推动流程变更","你在自己的日历上设了个提醒「每季度归档一次」。但这只是你一个人的好习惯——团队其他人下次还会手忙脚乱。",0,0,0,1,1,neutral,safe,,
T0242,regulatory,"监管问询来函",M005_S3B,"检查结果出炉（最终阶段）",risk_compliance,hegui_chen,2,FALSE,,"吸取教训，主动建立归档规范","虽然检查结果一般，但你因此建立了一套归档规范。下次会好很多。",-1,0,0,-1,-2,neutral,safe,,
T0243,regulatory,"监管问询来函",M005_S3B,"检查结果出炉（最终阶段）",risk_compliance,hegui_chen,2,FALSE,,"松了一口气，恢复正常工作","你松了一口气，回到了日常节奏。至于底稿问题——下次检查还早呢，到时候再说。",0,0,0,1,1,neutral,safe,,
T0244,annual_report,"年报披露倒计时",M006,"ESG数据被第三方机构质疑",risk_compliance,hegui_chen,2,FALSE,,"逐条核实数据，发布正式澄清公告","你花了三天逐条验证数据、核对口径。发布的澄清公告引用了原始数据和审计报告——质疑声很快平息了。",-2,0,1,-2,-3,time_heavy;risk_reducer,formal,,
T0245,annual_report,"年报披露倒计时",M006,"ESG数据被第三方机构质疑",risk_compliance,hegui_chen,2,FALSE,,"请第三方审计机构出具确认函","审计机构收了加急费，出了份确认函。问题暂时压下去了，但这笔额外的审计费财务小周很不高兴。",-1,-2,0,-1,-4,budget_drain,professional,,
T0246,annual_report,"年报披露倒计时",M006,"ESG数据被第三方机构质疑",risk_compliance,hegui_chen,2,FALSE,,"发声明说数据在审查中，暂不回应","你发了份模糊的声明。投资机构不买账，在社交媒体上继续追问——合规陈老师说这变成了一个公关问题。",0,0,0,2,2,risk_taker,risky,,
T0247,annual_report,"年报披露倒计时",M006_S2A,"澄清之后的机会（阶段 2/2）",satisfaction_mgmt,zhang_zong,2,FALSE,,"接受邀请，准备主题分享","你在论坛上分享了公司的ESG数据管理体系。会后三家投资机构来交换名片。张总说「这次危机变成了机会」。",-2,0,2,-1,-1,time_heavy;satisfaction_boost,professional,,
T0248,annual_report,"年报披露倒计时",M006_S2A,"澄清之后的机会（阶段 2/2）",satisfaction_mgmt,zhang_zong,2,FALSE,,"婉拒邀请，保持低调","你说目前精力有限。对方表示理解。但那个论坛上的品牌曝光机会——你不会再有了。",0,0,1,-1,0,neutral,safe,,
T0249,annual_report,"年报披露倒计时",M006_S2B,"审计费用的连锁反应（阶段 2/2）",budget_conflict,caiwu_zhou,2,FALSE,,"写一份详尽的超预算说明，强调必要性","你写了份情真意切的说明——监管压力、市场反应、远期品牌价值。财务小周批了，但备注了「下不为例」。",-1,0,1,-1,-1,neutral,safe,,
T0250,annual_report,"年报披露倒计时",M006_S2B,"审计费用的连锁反应（阶段 2/2）",budget_conflict,caiwu_zhou,2,FALSE,,"从其他项目预算中临时调剂","你动了别的项目的预算——那个项目的负责人后来发现了，非常不满。但至少眼下这个问题解决了。",0,0,-1,1,0,neutral,safe,,
T0251,annual_report,"年报披露倒计时",M006_S2C,"舆情扩散（阶段 2/2）",satisfaction_mgmt,lin_zong,2,FALSE,,"紧急召开沟通会，当面回答所有质疑","你开了一场线上沟通会，回答了投资机构的每一个问题。虽然花了大量时间，但公开透明的态度挽回了信任。",-2,0,1,-1,-2,time_heavy,professional,,
T0252,annual_report,"年报披露倒计时",M006_S2C,"舆情扩散（阶段 2/2）",satisfaction_mgmt,lin_zong,2,FALSE,,"发第二份声明，这次详细一些","你发了第二份声明——但舆论已经形成了「这家公司不透明」的印象。一份声明改变不了什么。",-1,0,-1,1,-1,neutral,safe,,
T0253,internal_review,"领导查看中期版本",M007,"跨部门责任推诿大赛",budget_conflict,lin_zong,2,FALSE,,"组织三方会议，当面理清责任","你把市场部、产品部和客户都拉到同一个群里。经过两小时的讨论，问题源头被定位到了——是原始需求文档的一句歧义表述。",-2,0,1,-1,-2,time_heavy,professional,,
T0254,internal_review,"领导查看中期版本",M007,"跨部门责任推诿大赛",budget_conflict,lin_zong,2,FALSE,,"基于现有证据做判断，自己承担责任","你梳理了邮件记录，做了一个折中判断——然后自己扛下了协调责任。事情暂时解决了，但两个部门都觉得你「偏袒了对方」。",-1,0,-1,-1,-3,neutral,safe,,
T0255,internal_review,"领导查看中期版本",M007,"跨部门责任推诿大赛",budget_conflict,lin_zong,2,FALSE,,"上报林总，请他仲裁","你写了份邮件给林总说明了情况。林总回复「你们自己协调」——但抄送了两个部门的负责人。气氛更诡异了。",0,0,-1,1,0,neutral,safe,,
T0256,internal_review,"领导查看中期版本",M007_S2A,"根源解决之后（阶段 2/2）",time_pressure,lin_zong,2,FALSE,,"推动建立需求确认标准化流程","你设计了一份《需求确认清单》，要求所有跨部门需求必须走确认流程。林总批了——「终于有人做了这件事。」",-1,0,2,-1,0,satisfaction_boost,safe,,
T0257,internal_review,"领导查看中期版本",M007_S2A,"根源解决之后（阶段 2/2）",time_pressure,lin_zong,2,FALSE,,"在部门之间建立定期同步机制","你设立了双周同步会。虽然多了一个会，但信息壁垒明显减少了。",-1,0,1,-1,-1,neutral,safe,,
T0258,internal_review,"领导查看中期版本",M007_S2B,"两边都不讨好的后果（阶段 2/2）",satisfaction_mgmt,zhang_zong,2,FALSE,,"分别约两边负责人喝咖啡，修复关系","两杯咖啡的工夫，你把事情解释清楚了——你并没有偏袒任何一方，你只是在解决一个系统性问题。两边的关系慢慢修复了。",-2,-1,1,0,-2,time_heavy,professional,,
T0259,internal_review,"领导查看中期版本",M007_S2B,"两边都不讨好的后果（阶段 2/2）",satisfaction_mgmt,zhang_zong,2,FALSE,,"专注于交付质量——用结果说话","你专注做好了后续的交付。客户很满意——这确实压制了一些不满。但内部的隐形成本仍在累积。",-1,0,-1,1,-1,neutral,safe,,
T0260,supplier_chain,"供应商集体掉链子",M008,"供应商坐地起价+预算超限",budget_conflict,gongying_wang,3,FALSE,,"货比三家，紧急寻找替代供应商","你联系了五家供应商，拿到了三家报价——其中一家的价格比王姐涨价后还低15%。不是所有供应商都会坐地起价。",-2,-1,0,-1,-4,time_heavy,professional,,
T0261,supplier_chain,"供应商集体掉链子",M008,"供应商坐地起价+预算超限",budget_conflict,gongying_wang,3,FALSE,,"跟王姐谈判，要求部分降价","你跟王姐磨了半天，她松口了——「给你打九折，但下次别这么磨我了」。省了一点，但预算还是超了。",-1,-1,1,0,-1,neutral,safe,,
T0262,supplier_chain,"供应商集体掉链子",M008,"供应商坐地起价+预算超限",budget_conflict,gongying_wang,3,FALSE,,"认了涨价，向林总申请追加预算","你向林总申请预算追加。林总批了——但他加了一句「下次采购要多比价」。你感觉自己亏了。",0,-2,-1,0,-3,budget_drain,safe,,
T0263,supplier_chain,"供应商集体掉链子",M008_S2A,"切换供应商的阵痛（阶段 2/3）",time_pressure,gongying_wang,2,FALSE,,"坚持换供应商，花时间磨合","你坚持切换到新供应商。首单有些磕碰，但从长远来看你省了钱，也多了一个备选渠道。王姐那边以后再说。",-1,1,0,-1,-1,budget_gain,professional,,
T0264,supplier_chain,"供应商集体掉链子",M008_S2A,"切换供应商的阵痛（阶段 2/3）",time_pressure,gongying_wang,2,FALSE,,"接受王姐的回头价","你接受了王姐的回头价——比最初便宜了些但比新供应商贵。王姐说「下次合作愉快」——她赢了。",0,-1,1,0,0,neutral,safe,,
T0265,supplier_chain,"供应商集体掉链子",M008_S2B,"预算缺口的填补（阶段 2/3）",budget_conflict,caiwu_zhou,2,FALSE,,"削减非核心物料的开支","你砍掉了一些「锦上添花」的物料——印刷品少了些，礼品档次降了。整体效果勉强维持，但懂的人看得出缩水了。",0,1,-1,-1,-1,budget_gain,safe,,
T0266,supplier_chain,"供应商集体掉链子",M008_S2B,"预算缺口的填补（阶段 2/3）",budget_conflict,caiwu_zhou,2,FALSE,,"推迟部分不紧急的采购到下期","你把部分采购推迟了——下期预算能不能覆盖？到时候再说。财务小周提醒你「延期采购不能超过一个季度」。",0,1,0,1,2,budget_gain,safe,,
T0267,supplier_chain,"供应商集体掉链子",M008_S2C,"预算追加后的审查（阶段 2/3）",time_pressure,caiwu_zhou,2,FALSE,,"认真写每份说明，建立清晰的预算轨迹","你花时间写了详细的支出说明。财务部很满意——「终于有人认真写说明了」。虽然花了时间但建立了信任。",-2,0,0,-1,-3,time_heavy,professional,,
T0268,supplier_chain,"供应商集体掉链子",M008_S2C,"预算追加后的审查（阶段 2/3）",time_pressure,caiwu_zhou,2,FALSE,,"写简化版说明，能过审就行","你写了几份模板化的说明交上去了。财务部没说什么——但也没说满意。下次审查可能会更严。",-1,0,0,1,0,neutral,safe,,
T0269,supplier_chain,"供应商集体掉链子",M008_S3A,"预算危机之后（最终阶段）",budget_conflict,lin_zong,2,FALSE,,"建立供应商备选库和预算预警机制","你做了一份供应商备选清单和一套预算预警机制。林总看了说「以后所有项目都按这个标准来」——你的个人实践变成了团队标准。",-1,0,1,-2,-2,risk_reducer,formal,,
T0270,supplier_chain,"供应商集体掉链子",M008_S3A,"预算危机之后（最终阶段）",budget_conflict,lin_zong,2,FALSE,,"记录经验教训在自己笔记本里","你把这套方法记在了自己的笔记本里。下次类似情况你会有预案，但只有你一个人有。",0,0,0,1,1,neutral,safe,,
T0271,supplier_chain,"供应商集体掉链子",M008_S3B,"预算危机之后（最终阶段）",budget_conflict,caiwu_zhou,2,FALSE,,"申请参加预算管理培训课程","你报了个预算管理线上课。财务小周听说后给你发了份内部资料——「你是第一个主动学这个的PM」。",-1,-1,1,0,-1,neutral,safe,,
T0272,supplier_chain,"供应商集体掉链子",M008_S3B,"预算危机之后（最终阶段）",budget_conflict,caiwu_zhou,2,FALSE,,"下次提前预留应急预算","你学会了在项目预算里留10%的应急金。下次供应商涨价的时候，你就不会这么被动了。",0,0,0,-1,-1,neutral,safe,,
T0273,roadshow,"路演前24小时",T001,"路演前投资人突然要求换行业对标",time_pressure,zhang_zong,2,FALSE,,"连夜重做对标分析，选三家最匹配的公司","你熬夜选了三家最精准的对标公司，重新做了对比图表。第二天路演时，投资人看了对标页说「这个选得很好」——值了。",-2,0,1,-1,-2,time_heavy,professional,,
T0274,roadshow,"路演前24小时",T001,"路演前投资人突然要求换行业对标",time_pressure,zhang_zong,2,TRUE,,"连夜换，尽量赶上明早路演","你熬到凌晨三点更新了对标数据。投资人没看出任何异常。",-2,-1,1,-1,-3,time_heavy,professional,,
T0275,roadshow,"路演前24小时",T001,"路演前投资人突然要求换行业对标",time_pressure,zhang_zong,2,TRUE,,"用现有材料，口头补充新对标","你在Q&A环节口头引用了新数据。投资人觉得你准备充分。",-1,-1,1,1,0,neutral,professional,,
T0276,roadshow,"路演前24小时",T001,"路演前投资人突然要求换行业对标",time_pressure,zhang_zong,2,TRUE,,"只改关键那几页","只改了投资人对标那几页。PPT前后风格略有不同，但核心信息到位了。",-2,-1,1,-1,-3,time_heavy,professional,,
T0277,roadshow,"路演前24小时",T001,"路演前投资人突然要求换行业对标",time_pressure,zhang_zong,2,TRUE,,"找行业研究团队帮忙","你动用了行业研究团队的关系网，拿到了最新的对标数据。",-1,-1,2,-1,-1,satisfaction_boost,professional,,
T0278,roadshow,"路演前24小时",T001,"路演前投资人突然要求换行业对标",time_pressure,zhang_zong,2,TRUE,,"和投资人坦诚沟通时间不够","你坦诚地说需要更多时间。投资人反而觉得你很靠谱。",0,1,1,1,3,budget_gain,safe,,
T0279,roadshow,"路演前24小时",T001,"路演前投资人突然要求换行业对标",time_pressure,zhang_zong,2,FALSE,,"修改少量表述但不换对标公司","你调整了对标页的措辞但保留了原来的公司。投资人在Q&A环节当面质疑了对标选择——场面有些尴尬。",-1,0,-1,1,-1,neutral,safe,,
T0280,roadshow,"路演前24小时",T001,"路演前投资人突然要求换行业对标",time_pressure,zhang_zong,2,TRUE,,"用旧数据，标注待更新","脚注写着待更新。有经验的投资者一眼就能看出来。",0,1,-1,2,2,budget_gain;risk_taker,risky,,
T0281,roadshow,"路演前24小时",T001,"路演前投资人突然要求换行业对标",time_pressure,zhang_zong,2,TRUE,,"用AI工具快速生成新数据","数据看起来合理——但AI编的。祈祷没人核实。",0,1,-1,3,3,budget_gain;risk_taker,risky,,
T0282,roadshow,"路演前24小时",T001,"路演前投资人突然要求换行业对标",time_pressure,zhang_zong,2,TRUE,,"只更新最核心的三个指标","你更新了ROI、市场份额和增长率。这三个数字决定了投资人的兴趣。",-1,-1,1,-1,-2,neutral,professional,,
T0283,roadshow,"路演前24小时",T001,"路演前投资人突然要求换行业对标",time_pressure,zhang_zong,2,TRUE,,"引用公开财报的行业数据","公开数据虽然不如定制数据精准，但来源可靠，投资人不会质疑。",0,1,-1,1,1,budget_gain,safe,,
T0284,roadshow,"路演前24小时",T001,"路演前投资人突然要求换行业对标",time_pressure,zhang_zong,2,TRUE,,"承认数据需要更新，会后补充","投资人欣赏你的诚实。会后你发来了完整的更新数据。",0,1,1,1,3,budget_gain,safe,,
T0285,roadshow,"路演前24小时",T001,"路演前投资人突然要求换行业对标",time_pressure,zhang_zong,2,FALSE,,"请团队分工——你写文案，阿哲做图表","你和阿哲分头行动，你写分析逻辑，他做视觉呈现。凌晨三点完工——一份漂亮的对标分析诞生了。团队协作的效率比单打独斗高得多。",-2,-1,1,0,-2,time_heavy,professional,,
T0286,roadshow,"路演前24小时",T001,"路演前投资人突然要求换行业对标",time_pressure,zhang_zong,2,TRUE,,"全盘接受，重新做","你选择相信投资人的判断。从零重建虽然痛苦，但方向对了。",-2,-1,1,-1,-3,time_heavy,professional,,
T0287,roadshow,"路演前24小时",T001,"路演前投资人突然要求换行业对标",time_pressure,zhang_zong,2,TRUE,,"部分接受，协商折中方案","双方各退一步。投资人觉得你既尊重建议又有主见。",-1,-1,1,-1,-2,neutral,professional,,
T0288,roadshow,"路演前24小时",T001,"路演前投资人突然要求换行业对标",time_pressure,zhang_zong,2,TRUE,,"礼貌地坚持原方案","你坚持己见。投资人没再说什么——但他们的表情说明了一切。",0,1,-1,2,2,budget_gain;risk_taker,risky,,
T0289,roadshow,"路演前24小时",T001,"路演前投资人突然要求换行业对标",time_pressure,zhang_zong,2,TRUE,,"邀请投资人参与讨论","把投资人拉进讨论群。对方觉得被重视，甚至主动提供了数据支持。",-1,-1,2,-1,-1,satisfaction_boost,professional,,
T0290,roadshow,"路演前24小时",T001,"路演前投资人突然要求换行业对标",time_pressure,zhang_zong,2,TRUE,,"先答应，路演完了再说","你满口答应。路演成功了——但承诺还没兑现。",0,1,1,2,4,budget_gain;risk_taker,risky,,
T0291,roadshow,"路演前24小时",T002,"演讲者腹泻——你需要替补",time_pressure,zhang_zong,2,FALSE,,"接下任务，紧急排练核心要点","你花了45分钟排练了核心五张幻灯片。演讲时声音有些抖，但内容扎实。投资人给了不错的反馈——「接地气，不像CEO那么官方」。",-1,0,2,-1,0,satisfaction_boost,safe,,
T0292,roadshow,"路演前24小时",T002,"演讲者腹泻——你需要替补",time_pressure,zhang_zong,2,FALSE,,"推荐阿哲上——他的表达比你流畅","阿哲上台讲得很流畅，但有几个业务细节他没说清楚。投资人问了几个问题他答不上来，你在台下小声提示。总算是混过去了。",0,0,1,-1,0,neutral,safe,,
T0293,roadshow,"路演前24小时",T002,"演讲者腹泻——你需要替补",time_pressure,zhang_zong,2,FALSE,,"坚持找CEO——给他送药","你跑到药店买了肠胃药送到CEO房间。他勉强上了台——但声音虚弱，状态明显不好。路演效果打了折扣。",-1,0,-1,2,0,risk_taker,risky,,
T0294,scope_creep,"客户突然加需求",T003,"客户追加完需求后的连锁变化",satisfaction_mgmt,shenmi_qun,2,FALSE,,"约李经理开视频会，对齐新方向","你和李经理聊了半小时，发现他只是想展示「新官上任三把火」。你巧妙地保留核心方向，表面做了些调整——他满意了，你也没有推倒重来。",-1,0,1,-1,-1,neutral,safe,,
T0295,scope_creep,"客户突然加需求",T003,"客户追加完需求后的连锁变化",satisfaction_mgmt,shenmi_qun,2,FALSE,,"按李经理的新方向推倒重来","你推翻了三周的成果，按新方向重新做。李经理很满意——但林总看到工时成本后表情不太好看。",-2,0,1,-1,-2,time_heavy,professional,,
T0296,scope_creep,"客户突然加需求",T003,"客户追加完需求后的连锁变化",satisfaction_mgmt,shenmi_qun,2,FALSE,,"委婉拒绝，说明前期确认的方向不可逆","你礼貌但坚定地拒绝了方向变更。李经理说「我需要再考虑一下是否继续这个项目」。空气凝固了。",0,0,-2,1,-1,satisfaction_hit,safe,,
T0297,budget_cut,"项目预算被砍30%",T004,"财务要求所有外部采购重新竞标",budget_conflict,caiwu_zhou,2,FALSE,,"老老实实走三家比价","你花了一天完成了三份比价表。财务小周审核通过了——「流程完整，没问题」。虽然累但合规。",-2,0,0,-1,-3,time_heavy,professional,,
T0298,budget_cut,"项目预算被砍30%",T004,"财务要求所有外部采购重新竞标",budget_conflict,caiwu_zhou,2,FALSE,,"把三笔采购合并成一笔，只走一次比价","你找了个理由把三笔采购合并了——省了两轮比价流程。财务小周说「下次不要这样」——她默许了这次但记下了风险。",-1,0,0,1,0,neutral,safe,,
T0299,budget_cut,"项目预算被砍30%",T004,"财务要求所有外部采购重新竞标",budget_conflict,caiwu_zhou,2,FALSE,,"找已经签了长期框架协议的供应商","你翻出了之前签的框架协议——上面有固定价格条款，不需要重新比价。好在你之前有先见之明签了这些协议。",-1,-1,0,-1,-3,neutral,professional,,
T0300,budget_cut,"项目预算被砍30%",T005,"林总要求的""创造性节流""",budget_conflict,lin_zong,2,FALSE,,"在团队内部做一次需求优先级排序","你把所有需求按影响力和紧迫度排序，砍掉了排名最后的两项。林总看了你的排序逻辑说「这就是创造性节流」——你省了预算还得到了表扬。",-1,2,0,-1,0,budget_gain,professional,,
T0301,budget_cut,"项目预算被砍30%",T005,"林总要求的""创造性节流""",budget_conflict,lin_zong,2,FALSE,,"寻找免费的替代方案","你找了开源工具替代付费软件，用了免费模板替代定制设计。省了一些钱——但功能上打了不少折扣。",-2,1,0,-1,-2,time_heavy;budget_gain,professional,,
T0302,budget_cut,"项目预算被砍30%",T005,"林总要求的""创造性节流""",budget_conflict,lin_zong,2,FALSE,,"坦诚告诉林总：核心项目不能创造性节流","你列了一份清单说明每项支出的必要性。林总沉默了一会说「理解」——但他看你的眼神里多了一丝失望。",0,-1,-1,1,-1,neutral,safe,,
T0303,regulatory,"监管问询来函",T006,"监管要求补充三年前的底稿",risk_compliance,hegui_chen,2,FALSE,,"翻箱倒柜找出原始底稿并重新整理","你花了整整一天在档案室翻找，终于找到了那个纸箱。底稿不完整但关键文件都在。你重新整理成册交给了监管——合规陈老师说「好在你找到了」。",-2,0,0,-2,-4,time_heavy;risk_reducer,formal,,
T0304,regulatory,"监管问询来函",T006,"监管要求补充三年前的底稿",risk_compliance,hegui_chen,2,FALSE,,"找之前和那个PM合作过的同事拼凑信息","你联系了三位前同事，从他们的邮件和本地文件里拼凑出了部分底稿。虽然不完整但可以解释——「文档在交接中有部分遗失」。",-2,0,1,-1,-2,time_heavy,professional,,
T0305,regulatory,"监管问询来函",T006,"监管要求补充三年前的底稿",risk_compliance,hegui_chen,2,FALSE,,"向监管说明底稿因人员离职存在缺失","你写了一封解释信。监管回了：「请尽最大努力补全，否则将视为合规缺陷。」——这条路走不通。",0,0,0,2,2,risk_taker,risky,,
T0306,supplier_chain,"供应商集体掉链子",T007,"供应商跑路前推荐的""替代方案""",budget_conflict,gongying_wang,2,FALSE,,"拒绝这个朋友，自己找新供应商","你不相信这个巧合。花了两天找到了完全不相关的新供应商——价格合理，质量有保障。王姐的「朋友」后来没再联系你。",-2,1,0,0,-1,time_heavy;budget_gain,professional,,
T0307,supplier_chain,"供应商集体掉链子",T007,"供应商跑路前推荐的""替代方案""",budget_conflict,gongying_wang,2,FALSE,,"接受但签署正式合同，加上违约条款","你接受了但加了严格的法律条款——延期交货罚款、质量不达标退款。对方犹豫了一下还是签了。你感觉这个合同以后可能真的会用到。",-1,-1,0,-1,-3,neutral,professional,,
T0308,supplier_chain,"供应商集体掉链子",T007,"供应商跑路前推荐的""替代方案""",budget_conflict,gongying_wang,2,FALSE,,"因为时间紧迫，直接下单","你认了这笔加价。物料按时到了——但质量比王姐的差了一截。你觉得被坑了但来不及追究了。",0,-2,0,1,-1,budget_drain,professional,,
T0309,friday_afternoon,"周五下午四点整",T008,"周五下班前老板的""五分钟小事""",time_pressure,lin_zong,1,FALSE,,"坐下来认真看——这明显不是五分钟","你花了两个小时认真审了合同，发现了两处关键条款有问题。林总周一早上拿到你的标注版合同后说「幸好叫你看了」——这两个问题如果没发现，损失会很大。",-2,0,1,-1,-2,time_heavy,professional,,
T0310,friday_afternoon,"周五下午四点整",T008,"周五下班前老板的""五分钟小事""",time_pressure,lin_zong,1,FALSE,,"快速浏览，标注最明显的问题","你花半小时扫了一遍，标注了一处明显的数字错误。周一林总问「其他部分呢？」——你只能说「看了一遍应该没问题」。你应该说「应该」的时候自己也很心虚。",-1,0,-1,1,-1,neutral,safe,,
T0311,friday_afternoon,"周五下午四点整",T008,"周五下班前老板的""五分钟小事""",time_pressure,lin_zong,1,FALSE,,"提议下周一早上第一时间处理","你说「周一早上第一件事就看」。林总说「行」——但你从他的语气里听出了不满意。你周末一直在想那份合同。",0,0,-1,1,0,neutral,safe,,
T0312,pre_holiday,"节前最后半天",T009,"节前最后两小时——全公司只有你在",time_pressure,caiwu_zhou,1,FALSE,,"留下来把三份审批全部处理完","你花了两个小时处理了所有审批。假期结束后所有人正常开工——没有人知道你在背后救了他们的流程。但你心里很踏实。",-2,0,1,-1,-2,time_heavy,formal,,
T0313,pre_holiday,"节前最后半天",T009,"节前最后两小时——全公司只有你在",time_pressure,caiwu_zhou,1,FALSE,,"处理最紧急的一份，另外两份申请延期","你处理了最紧急的那份——另外两份你发了延期申请。假期后审批人不太高兴，但还是补签了。——「下次早点」。",-1,0,-1,1,-1,neutral,safe,,
T0314,pre_holiday,"节前最后半天",T009,"节前最后两小时——全公司只有你在",time_pressure,caiwu_zhou,1,FALSE,,"关掉OA——假期后再处理","你关掉了OA回家了。假期后三份审批都被系统自动驳回——重新走流程又花了一周。相关同事很生气。",0,0,-1,2,1,risk_taker,risky,,
T0315,new_boss,"新老板到岗第一天",T010,"新老板要求重做所有PPT风格",time_pressure,lin_zong,2,FALSE,,"花时间做一套新模板，批量应用","你做了一个新的模板文件，把核心页面全部重做——配色、字体、图表风格都统一了。林总看了说「这个模板以后就是部门标准了」——你省了未来所有人的时间。",-2,0,1,0,-1,time_heavy,safe,,
T0316,new_boss,"新老板到岗第一天",T010,"新老板要求重做所有PPT风格",time_pressure,lin_zong,2,FALSE,,"只换最紧急那份，其他的等更新时再说","你只换了本周要用的那份。林总后来看到其他PPT还是蓝色时皱了眉——「我不是说都换吗？」——「正在逐步替换中」你说。",-1,0,-1,-1,-3,neutral,safe,,
T0317,new_boss,"新老板到岗第一天",T010,"新老板要求重做所有PPT风格",time_pressure,lin_zong,2,FALSE,,"建议林总先确认新风格在客户端的反馈再全面换","你建议先换一份试一试客户反应。林总想了想说「有道理」——你用一个理性的建议省了三份PPT的返工。",0,0,1,-1,0,neutral,safe,,
T0318,quarterly_review,"季度考核截止日",T011,"季度考核当天——你的指标全红了",satisfaction_mgmt,lin_zong,3,FALSE,,"准备一份详尽的数据说明，解释每个指标背后的原因","你准备了一份分析报告——时间延迟是因为客户追加需求，预算超支是因为外部原材料涨价，满意度低是因为一次不可控的供应商失误。林总看完说「有数据支撑，我理解」。",-2,0,1,-1,-2,time_heavy,professional,,
T0319,quarterly_review,"季度考核截止日",T011,"季度考核当天——你的指标全红了",satisfaction_mgmt,lin_zong,3,FALSE,,"坦诚承认问题，提出下季度改进计划","你没有找借口，直接甩出了下季度的改进计划——详细的、可量化的、有时间节点的。林总说「至少你有方向」——不算表扬，但你保住了信任。",-1,0,1,-1,-1,neutral,safe,,
T0320,quarterly_review,"季度考核截止日",T011,"季度考核当天——你的指标全红了",satisfaction_mgmt,lin_zong,3,FALSE,,"强调外部不可控因素，弱化自身责任","你说了很多「不可控」——客户变、供应商坑、市场涨。林总打断你：「我听到的都是别人。你自己的问题呢？」——你的季度评级降了一档。",0,0,-2,2,0,satisfaction_hit;risk_taker,risky,,
T0321,last_workday,"最后一个工作日",T012,"交接文档还没写",time_pressure,shixi_xu,2,FALSE,,"花完整时间写一份详尽的交接文档","你花了一整天写了份面面俱到的交接文档——每个任务的进展、联系人、历史坑点都写清楚了。小许看了一遍说「我大概懂了」。你知道「大概」远远不够——但你做了你能做的。",-2,0,2,-2,-2,time_heavy;satisfaction_boost;risk_reducer,formal,,
T0322,last_workday,"最后一个工作日",T012,"交接文档还没写",time_pressure,shixi_xu,2,FALSE,,"列个要点清单，和小许当面逐条过一遍","你和小许坐下来，逐条讲了两个小时。她记了很多笔记。你问她懂了没——她说「懂了」。但愿如此。",-1,0,1,-1,-1,neutral,safe,,
T0323,last_workday,"最后一个工作日",T012,"交接文档还没写",time_pressure,shixi_xu,2,FALSE,,"留个联系方式——有问题电话联系","你在白板上写了个手机号。休假的第二天，小许打了三个电话。第三天，打了两个。第四天——你干脆远程加班了。",0,0,-1,1,0,neutral,safe,,
T0324,annual_report,"年报披露倒计时",T013,"年报发布前夜——发现关键数据矛盾",risk_compliance,hegui_chen,3,FALSE,,"逐份原始数据回溯，找到错误源头","你和团队回溯了18个月的原始数据——凌晨四点找到了错误：去年一份季度报告的小数点错位了。修正后一切吻合。你松了一口气——年报按时发了，数据是对的。",-2,0,1,-2,-3,time_heavy;risk_reducer,formal,,
T0325,annual_report,"年报披露倒计时",T013,"年报发布前夜——发现关键数据矛盾",risk_compliance,hegui_chen,3,FALSE,,"修正今年的数据，对去年的差异加脚注说明","你修正了今年的数据，对17%的差异加了一段脚注——「基准年数据经复核存在微小口径差异」。外人看不懂，专业人士会追问——但年报按时发了。",-2,0,0,1,-1,time_heavy,professional,,
T0326,annual_report,"年报披露倒计时",T013,"年报发布前夜——发现关键数据矛盾",risk_compliance,hegui_chen,3,FALSE,,"联系审计师紧急复核","你打了审计师的紧急电话——他们收了三倍加急费，花了四小时确认了错误源头在你这边。钱花了，结论有了，但你为此付出了远超必要的代价。",-1,-2,0,-1,-4,budget_drain,professional,,
T0327,kickoff,"项目启动会当天",N_K01,"项目章程还没签",risk_compliance,lin_zong,1,FALSE,,"正规处理 — 林总在启动会上宣布了项目立项，…","按流程处理完毕。虽然费了一些时间，但至少经得起事后追查。",-2,-1,1,-1,-3,time_heavy,professional,,
T0328,kickoff,"项目启动会当天",N_K01,"项目章程还没签",risk_compliance,lin_zong,1,FALSE,,"取巧解决 — 林总在启动会上宣布了项目立项，…","找到了一个折中方案。不算完美，但在目前的情况下已经是最好的选择。",-1,0,1,-1,-1,neutral,safe,,
T0329,kickoff,"项目启动会当天",N_K01,"项目章程还没签",risk_compliance,lin_zong,1,FALSE,,"冒险尝试 — 林总在启动会上宣布了项目立项，…","你赌了一把。结果还算不错——至少到目前为止。",2,0,0,0,2,time_save,safe,,
T0330,kickoff,"项目启动会当天",N_K02,"关键成员被其他项目抢先预定",time_pressure,jishu_zhe,2,FALSE,,"正规处理 — 你需要技术阿哲加入你的项目组，…","按流程处理完毕。虽然费了一些时间，但至少经得起事后追查。",-2,0,2,-1,-1,time_heavy;satisfaction_boost,professional,,
T0331,kickoff,"项目启动会当天",N_K02,"关键成员被其他项目抢先预定",time_pressure,jishu_zhe,2,FALSE,,"取巧解决 — 你需要技术阿哲加入你的项目组，…","找到了一个折中方案。不算完美，但在目前的情况下已经是最好的选择。",-2,0,1,-1,-2,time_heavy,professional,,
T0332,kickoff,"项目启动会当天",N_K02,"关键成员被其他项目抢先预定",time_pressure,jishu_zhe,2,FALSE,,"冒险尝试 — 你需要技术阿哲加入你的项目组，…","你赌了一把。结果还算不错——至少到目前为止。",-1,1,-2,1,-1,budget_gain;satisfaction_hit,professional,,
T0333,kickoff,"项目启动会当天",N_K03,"启动会上的需求分歧",satisfaction_mgmt,zhang_zong,2,FALSE,,"正规处理 — 各部门在启动会上对项目范围各执…","按流程处理完毕。虽然费了一些时间，但至少经得起事后追查。",-2,-1,0,0,-3,time_heavy,professional,,
T0334,kickoff,"项目启动会当天",N_K03,"启动会上的需求分歧",satisfaction_mgmt,zhang_zong,2,FALSE,,"取巧解决 — 各部门在启动会上对项目范围各执…","找到了一个折中方案。不算完美，但在目前的情况下已经是最好的选择。",-1,0,1,-1,-1,neutral,safe,,
T0335,kickoff,"项目启动会当天",N_K03,"启动会上的需求分歧",satisfaction_mgmt,zhang_zong,2,FALSE,,"冒险尝试 — 各部门在启动会上对项目范围各执…","你赌了一把。结果还算不错——至少到目前为止。",-1,1,-1,1,0,budget_gain,professional,,
T0336,kickoff,"项目启动会当天",N_K04,"第一天就收到三封催命邮件",time_pressure,shenmi_qun,1,FALSE,,"正规处理 — 项目邮箱里已经有了三封请尽快…","按流程处理完毕。虽然费了一些时间，但至少经得起事后追查。",-2,-1,1,-1,-3,time_heavy,professional,,
T0337,kickoff,"项目启动会当天",N_K04,"第一天就收到三封催命邮件",time_pressure,shenmi_qun,1,FALSE,,"取巧解决 — 项目邮箱里已经有了三封请尽快…","找到了一个折中方案。不算完美，但在目前的情况下已经是最好的选择。",-1,0,1,-1,-1,neutral,safe,,
T0338,kickoff,"项目启动会当天",N_K04,"第一天就收到三封催命邮件",time_pressure,shenmi_qun,1,FALSE,,"冒险尝试 — 项目邮箱里已经有了三封请尽快…","你赌了一把。结果还算不错——至少到目前为止。",-1,2,-1,1,1,budget_gain,professional,,
T0339,kickoff,"项目启动会当天",N_K05,"实习生不知道项目代号是什么意思",satisfaction_mgmt,shixi_xu,2,FALSE,,"正规处理 — 小许在群里问:这个项目代号是…","按流程处理完毕。虽然费了一些时间，但至少经得起事后追查。",-2,-1,1,-2,-4,time_heavy;risk_reducer,formal,,
T0340,kickoff,"项目启动会当天",N_K05,"实习生不知道项目代号是什么意思",satisfaction_mgmt,shixi_xu,2,FALSE,,"取巧解决 — 小许在群里问:这个项目代号是…","找到了一个折中方案。不算完美，但在目前的情况下已经是最好的选择。",-2,0,1,0,-1,time_heavy,safe,,
T0341,kickoff,"项目启动会当天",N_K05,"实习生不知道项目代号是什么意思",satisfaction_mgmt,shixi_xu,2,FALSE,,"冒险尝试 — 小许在群里问:这个项目代号是…","你赌了一把。结果还算不错——至少到目前为止。",0,1,-1,0,0,budget_gain,safe,,
T0342,monday_morning,"周一早会刚结束",N_M01,"周一第一封邮件就是投诉",satisfaction_mgmt,zhang_zong,2,FALSE,,"正规处理 — 打开邮箱，最早的一封是客户张总…","按流程处理完毕。虽然费了一些时间，但至少经得起事后追查。",-2,-1,0,0,-3,time_heavy,professional,,
T0343,monday_morning,"周一早会刚结束",N_M01,"周一第一封邮件就是投诉",satisfaction_mgmt,zhang_zong,2,FALSE,,"取巧解决 — 打开邮箱，最早的一封是客户张总…","找到了一个折中方案。不算完美，但在目前的情况下已经是最好的选择。",0,0,2,0,2,satisfaction_boost,safe,,
T0344,monday_morning,"周一早会刚结束",N_M01,"周一第一封邮件就是投诉",satisfaction_mgmt,zhang_zong,2,FALSE,,"冒险尝试 — 打开邮箱，最早的一封是客户张总…","你赌了一把。结果还算不错——至少到目前为止。",-1,1,0,1,1,budget_gain,professional,,
T0345,monday_morning,"周一早会刚结束",N_M02,"上周五的承诺没人记得",time_pressure,lin_zong,1,FALSE,,"正规处理 — 林总在周会上问:上周五说的那…","按流程处理完毕。虽然费了一些时间，但至少经得起事后追查。",-2,-1,1,-1,-3,time_heavy,professional,,
T0346,monday_morning,"周一早会刚结束",N_M02,"上周五的承诺没人记得",time_pressure,lin_zong,1,FALSE,,"取巧解决 — 林总在周会上问:上周五说的那…","找到了一个折中方案。不算完美，但在目前的情况下已经是最好的选择。",-1,0,1,-1,-1,neutral,safe,,
T0347,monday_morning,"周一早会刚结束",N_M02,"上周五的承诺没人记得",time_pressure,lin_zong,1,FALSE,,"冒险尝试 — 林总在周会上问:上周五说的那…","你赌了一把。结果还算不错——至少到目前为止。",0,0,0,-3,-3,risk_reducer,formal,,
T0348,monday_morning,"周一早会刚结束",N_M03,"周一早会变成了批斗会",risk_compliance,lin_zong,3,FALSE,,"正规处理 — 各团队轮流汇报进展时发现——三…","按流程处理完毕。虽然费了一些时间，但至少经得起事后追查。",-1,-1,1,-1,-2,neutral,professional,,
T0349,monday_morning,"周一早会刚结束",N_M03,"周一早会变成了批斗会",risk_compliance,lin_zong,3,FALSE,,"取巧解决 — 各团队轮流汇报进展时发现——三…","找到了一个折中方案。不算完美，但在目前的情况下已经是最好的选择。",0,2,0,0,2,budget_gain,safe,,
T0350,monday_morning,"周一早会刚结束",N_M03,"周一早会变成了批斗会",risk_compliance,lin_zong,3,FALSE,,"冒险尝试 — 各团队轮流汇报进展时发现——三…","你赌了一把。结果还算不错——至少到目前为止。",-1,1,-1,1,0,budget_gain,professional,,
T0351,monday_morning,"周一早会刚结束",N_M04,"一周计划需要重做",time_pressure,caiwu_zhou,2,FALSE,,"正规处理 — 财务小周提醒你本周五是月度预算…","按流程处理完毕。虽然费了一些时间，但至少经得起事后追查。",-2,-1,1,-1,-3,time_heavy,professional,,
T0352,monday_morning,"周一早会刚结束",N_M04,"一周计划需要重做",time_pressure,caiwu_zhou,2,FALSE,,"取巧解决 — 财务小周提醒你本周五是月度预算…","找到了一个折中方案。不算完美，但在目前的情况下已经是最好的选择。",-1,0,1,-1,-1,neutral,safe,,
T0353,monday_morning,"周一早会刚结束",N_M04,"一周计划需要重做",time_pressure,caiwu_zhou,2,FALSE,,"冒险尝试 — 财务小周提醒你本周五是月度预算…","你赌了一把。结果还算不错——至少到目前为止。",-1,2,-1,1,1,budget_gain,professional,,
T0354,monday_morning,"周一早会刚结束",N_M05,"神秘甲方群周一一早就炸了",risk_compliance,shenmi_qun,3,FALSE,,"正规处理 — 甲方群里从周日晚上开始就在讨论…","按流程处理完毕。虽然费了一些时间，但至少经得起事后追查。",-1,0,1,-1,-1,neutral,safe,,
T0355,monday_morning,"周一早会刚结束",N_M05,"神秘甲方群周一一早就炸了",risk_compliance,shenmi_qun,3,FALSE,,"取巧解决 — 甲方群里从周日晚上开始就在讨论…","找到了一个折中方案。不算完美，但在目前的情况下已经是最好的选择。",-1,0,1,-1,-1,neutral,safe,,
T0356,monday_morning,"周一早会刚结束",N_M05,"神秘甲方群周一一早就炸了",risk_compliance,shenmi_qun,3,FALSE,,"冒险尝试 — 甲方群里从周日晚上开始就在讨论…","你赌了一把。结果还算不错——至少到目前为止。",-1,1,0,1,1,budget_gain,professional,,
T0357,last_minute,"下班前突击汇报",N_L01,"17:55的紧急会议邀请",time_pressure,lin_zong,2,FALSE,,"正规处理 — 17:55，林总发来会议邀请:…","按流程处理完毕。虽然费了一些时间，但至少经得起事后追查。",2,0,0,0,2,time_save,safe,,
T0358,last_minute,"下班前突击汇报",N_L01,"17:55的紧急会议邀请",time_pressure,lin_zong,2,FALSE,,"取巧解决 — 17:55，林总发来会议邀请:…","找到了一个折中方案。不算完美，但在目前的情况下已经是最好的选择。",-3,0,0,0,-3,time_heavy,formal,,
T0359,last_minute,"下班前突击汇报",N_L01,"17:55的紧急会议邀请",time_pressure,lin_zong,2,FALSE,,"冒险尝试 — 17:55，林总发来会议邀请:…","你赌了一把。结果还算不错——至少到目前为止。",-1,1,-1,1,0,budget_gain,professional,,
T0360,last_minute,"下班前突击汇报",N_L02,"打印店的最后通牒",time_pressure,gongying_wang,1,FALSE,,"正规处理 — 供应商王姐:打印店18:30…","按流程处理完毕。虽然费了一些时间，但至少经得起事后追查。",0,2,0,0,2,budget_gain,safe,,
T0361,last_minute,"下班前突击汇报",N_L02,"打印店的最后通牒",time_pressure,gongying_wang,1,FALSE,,"取巧解决 — 供应商王姐:打印店18:30…","找到了一个折中方案。不算完美，但在目前的情况下已经是最好的选择。",0,2,0,0,2,budget_gain,safe,,
T0362,last_minute,"下班前突击汇报",N_L02,"打印店的最后通牒",time_pressure,gongying_wang,1,FALSE,,"冒险尝试 — 供应商王姐:打印店18:30…","你赌了一把。结果还算不错——至少到目前为止。",0,0,2,0,2,satisfaction_boost,safe,,
T0363,last_minute,"下班前突击汇报",N_L03,"邮件必须在19:00前发出",risk_compliance,hegui_chen,3,FALSE,,"正规处理 — 合规陈老师:监管那边的问询必…","按流程处理完毕。虽然费了一些时间，但至少经得起事后追查。",-2,-2,1,0,-3,time_heavy;budget_drain,professional,,
T0364,last_minute,"下班前突击汇报",N_L03,"邮件必须在19:00前发出",risk_compliance,hegui_chen,3,FALSE,,"取巧解决 — 合规陈老师:监管那边的问询必…","找到了一个折中方案。不算完美，但在目前的情况下已经是最好的选择。",-1,0,1,-1,-1,neutral,safe,,
T0365,last_minute,"下班前突击汇报",N_L03,"邮件必须在19:00前发出",risk_compliance,hegui_chen,3,FALSE,,"冒险尝试 — 合规陈老师:监管那边的问询必…","你赌了一把。结果还算不错——至少到目前为止。",-2,1,-1,1,-1,time_heavy;budget_gain,professional,,
T0366,last_minute,"下班前突击汇报",N_L04,"全公司只剩你的灯还亮着",satisfaction_mgmt,shixi_xu,1,FALSE,,"正规处理 — 小许怯生生地问:需要我留下来…","按流程处理完毕。虽然费了一些时间，但至少经得起事后追查。",-1,0,2,-1,0,satisfaction_boost,safe,,
T0367,last_minute,"下班前突击汇报",N_L04,"全公司只剩你的灯还亮着",satisfaction_mgmt,shixi_xu,1,FALSE,,"取巧解决 — 小许怯生生地问:需要我留下来…","找到了一个折中方案。不算完美，但在目前的情况下已经是最好的选择。",-2,-1,0,0,-3,time_heavy,professional,,
T0368,last_minute,"下班前突击汇报",N_L04,"全公司只剩你的灯还亮着",satisfaction_mgmt,shixi_xu,1,FALSE,,"冒险尝试 — 小许怯生生地问:需要我留下来…","你赌了一把。结果还算不错——至少到目前为止。",-1,1,-1,1,0,budget_gain,professional,,
T0369,last_minute,"下班前突击汇报",N_L05,"出租车在楼下等了二十分钟",time_pressure,zhang_zong,2,FALSE,,"正规处理 — 张总:PPT改好了吗？我约了…","按流程处理完毕。虽然费了一些时间，但至少经得起事后追查。",-2,0,1,-1,-2,time_heavy,professional,,
T0370,last_minute,"下班前突击汇报",N_L05,"出租车在楼下等了二十分钟",time_pressure,zhang_zong,2,FALSE,,"取巧解决 — 张总:PPT改好了吗？我约了…","找到了一个折中方案。不算完美，但在目前的情况下已经是最好的选择。",-1,0,1,-1,-1,neutral,safe,,
T0371,last_minute,"下班前突击汇报",N_L05,"出租车在楼下等了二十分钟",time_pressure,zhang_zong,2,FALSE,,"冒险尝试 — 张总:PPT改好了吗？我约了…","你赌了一把。结果还算不错——至少到目前为止。",0,0,-2,0,-2,satisfaction_hit,safe,,
T0372,pr_crisis,"会后舆情发酵",N_P01,"竞品买了你们的关键词",risk_compliance,hegui_chen,2,FALSE,,"正规处理 — 合规陈老师发来截图:竞品在搜索…","按流程处理完毕。虽然费了一些时间，但至少经得起事后追查。",0,0,-2,0,-2,satisfaction_hit,safe,,
T0373,pr_crisis,"会后舆情发酵",N_P01,"竞品买了你们的关键词",risk_compliance,hegui_chen,2,FALSE,,"取巧解决 — 合规陈老师发来截图:竞品在搜索…","找到了一个折中方案。不算完美，但在目前的情况下已经是最好的选择。",-1,0,1,-1,-1,neutral,safe,,
T0374,pr_crisis,"会后舆情发酵",N_P01,"竞品买了你们的关键词",risk_compliance,hegui_chen,2,FALSE,,"冒险尝试 — 合规陈老师发来截图:竞品在搜索…","你赌了一把。结果还算不错——至少到目前为止。",0,-2,0,0,-2,budget_drain,safe,,
T0375,pr_crisis,"会后舆情发酵",N_P02,"前员工在脉脉上爆了黑料",risk_compliance,lin_zong,3,FALSE,,"正规处理 — 林总脸色铁青:有人在脉脉上匿名…","按流程处理完毕。虽然费了一些时间，但至少经得起事后追查。",-2,-1,0,-1,-4,time_heavy,professional,,
T0376,pr_crisis,"会后舆情发酵",N_P02,"前员工在脉脉上爆了黑料",risk_compliance,lin_zong,3,FALSE,,"取巧解决 — 林总脸色铁青:有人在脉脉上匿名…","找到了一个折中方案。不算完美，但在目前的情况下已经是最好的选择。",0,0,-2,0,-2,satisfaction_hit,safe,,
T0377,pr_crisis,"会后舆情发酵",N_P02,"前员工在脉脉上爆了黑料",risk_compliance,lin_zong,3,FALSE,,"冒险尝试 — 林总脸色铁青:有人在脉脉上匿名…","你赌了一把。结果还算不错——至少到目前为止。",-1,1,-1,1,0,budget_gain,professional,,
T0378,pr_crisis,"会后舆情发酵",N_P03,"客户的行业群里在讨论你们的失误",satisfaction_mgmt,zhang_zong,2,FALSE,,"正规处理 — 张总转发了一个聊天记录——客户…","按流程处理完毕。虽然费了一些时间，但至少经得起事后追查。",0,0,0,2,2,risk_taker,risky,,
T0379,pr_crisis,"会后舆情发酵",N_P03,"客户的行业群里在讨论你们的失误",satisfaction_mgmt,zhang_zong,2,FALSE,,"取巧解决 — 张总转发了一个聊天记录——客户…","找到了一个折中方案。不算完美，但在目前的情况下已经是最好的选择。",0,1,1,-1,1,budget_gain,safe,,
T0380,pr_crisis,"会后舆情发酵",N_P03,"客户的行业群里在讨论你们的失误",satisfaction_mgmt,zhang_zong,2,FALSE,,"冒险尝试 — 张总转发了一个聊天记录——客户…","你赌了一把。结果还算不错——至少到目前为止。",-1,1,-1,1,0,budget_gain,professional,,
T0381,pr_crisis,"会后舆情发酵",N_P04,"行业媒体的采访请求",risk_compliance,shenmi_qun,2,FALSE,,"正规处理 — 一家行业媒体发来采访请求，想…","按流程处理完毕。虽然费了一些时间，但至少经得起事后追查。",-3,-1,0,0,-4,time_heavy,formal,,
T0382,pr_crisis,"会后舆情发酵",N_P04,"行业媒体的采访请求",risk_compliance,shenmi_qun,2,FALSE,,"取巧解决 — 一家行业媒体发来采访请求，想…","找到了一个折中方案。不算完美，但在目前的情况下已经是最好的选择。",0,0,0,-3,-3,risk_reducer,formal,,
T0383,pr_crisis,"会后舆情发酵",N_P04,"行业媒体的采访请求",risk_compliance,shenmi_qun,2,FALSE,,"冒险尝试 — 一家行业媒体发来采访请求，想…","你赌了一把。结果还算不错——至少到目前为止。",-2,1,-1,1,-1,time_heavy;budget_gain,professional,,
T0384,pr_crisis,"会后舆情发酵",N_P05,"百度上出现了项目的负面问答",satisfaction_mgmt,hegui_chen,1,FALSE,,"正规处理 — 合规陈老师:有人在百度知道上…","按流程处理完毕。虽然费了一些时间，但至少经得起事后追查。",-2,-1,0,-1,-4,time_heavy,professional,,
T0385,pr_crisis,"会后舆情发酵",N_P05,"百度上出现了项目的负面问答",satisfaction_mgmt,hegui_chen,1,FALSE,,"取巧解决 — 合规陈老师:有人在百度知道上…","找到了一个折中方案。不算完美，但在目前的情况下已经是最好的选择。",0,0,2,-1,1,satisfaction_boost,safe,,
T0386,pr_crisis,"会后舆情发酵",N_P05,"百度上出现了项目的负面问答",satisfaction_mgmt,hegui_chen,1,FALSE,,"冒险尝试 — 合规陈老师:有人在百度知道上…","你赌了一把。结果还算不错——至少到目前为止。",-1,1,-1,2,1,budget_gain;risk_taker,risky,,
T0387,last_workday,"最后一个工作日",N_W01,"交接文档还是空白文档",time_pressure,shixi_xu,1,FALSE,,"正规处理 — 小许提醒你:明天就是最后一天…","按流程处理完毕。虽然费了一些时间，但至少经得起事后追查。",-2,0,2,-1,-1,time_heavy;satisfaction_boost,professional,,
T0388,last_workday,"最后一个工作日",N_W01,"交接文档还是空白文档",time_pressure,shixi_xu,1,FALSE,,"取巧解决 — 小许提醒你:明天就是最后一天…","找到了一个折中方案。不算完美，但在目前的情况下已经是最好的选择。",2,0,0,0,2,time_save,safe,,
T0389,last_workday,"最后一个工作日",N_W01,"交接文档还是空白文档",time_pressure,shixi_xu,1,FALSE,,"冒险尝试 — 小许提醒你:明天就是最后一天…","你赌了一把。结果还算不错——至少到目前为止。",-1,1,-1,1,0,budget_gain,professional,,
T0390,last_workday,"最后一个工作日",N_W02,"最后一个审批卡在出差中的领导那里",time_pressure,lin_zong,2,FALSE,,"正规处理 — 林总今天出差，而你的最终交付需…","按流程处理完毕。虽然费了一些时间，但至少经得起事后追查。",-2,-1,1,-1,-3,time_heavy,professional,,
T0391,last_workday,"最后一个工作日",N_W02,"最后一个审批卡在出差中的领导那里",time_pressure,lin_zong,2,FALSE,,"取巧解决 — 林总今天出差，而你的最终交付需…","找到了一个折中方案。不算完美，但在目前的情况下已经是最好的选择。",-1,0,1,-1,-1,neutral,safe,,
T0392,last_workday,"最后一个工作日",N_W02,"最后一个审批卡在出差中的领导那里",time_pressure,lin_zong,2,FALSE,,"冒险尝试 — 林总今天出差，而你的最终交付需…","你赌了一把。结果还算不错——至少到目前为止。",-1,2,-1,1,1,budget_gain,professional,,
T0393,last_workday,"最后一个工作日",N_W03,"客户突然说""我们下周再确认""",satisfaction_mgmt,zhang_zong,3,FALSE,,"正规处理 — 张总发来消息:最终验收我们下…","按流程处理完毕。虽然费了一些时间，但至少经得起事后追查。",0,2,0,0,2,budget_gain,safe,,
T0394,last_workday,"最后一个工作日",N_W03,"客户突然说""我们下周再确认""",satisfaction_mgmt,zhang_zong,3,FALSE,,"取巧解决 — 张总发来消息:最终验收我们下…","找到了一个折中方案。不算完美，但在目前的情况下已经是最好的选择。",-1,0,1,-1,-1,neutral,safe,,
T0395,last_workday,"最后一个工作日",N_W03,"客户突然说""我们下周再确认""",satisfaction_mgmt,zhang_zong,3,FALSE,,"冒险尝试 — 张总发来消息:最终验收我们下…","你赌了一把。结果还算不错——至少到目前为止。",-1,2,-1,1,1,budget_gain,professional,,
T0396,last_workday,"最后一个工作日",N_W04,"财务催着关账",budget_conflict,caiwu_zhou,2,FALSE,,"正规处理 — 财务小周:今天是项目预算关账…","按流程处理完毕。虽然费了一些时间，但至少经得起事后追查。",-3,-1,1,-1,-4,time_heavy,formal,,
T0397,last_workday,"最后一个工作日",N_W04,"财务催着关账",budget_conflict,caiwu_zhou,2,FALSE,,"取巧解决 — 财务小周:今天是项目预算关账…","找到了一个折中方案。不算完美，但在目前的情况下已经是最好的选择。",-1,0,1,-1,-1,neutral,safe,,
T0398,last_workday,"最后一个工作日",N_W04,"财务催着关账",budget_conflict,caiwu_zhou,2,FALSE,,"冒险尝试 — 财务小周:今天是项目预算关账…","你赌了一把。结果还算不错——至少到目前为止。",0,0,-2,0,-2,satisfaction_hit,safe,,
T0399,last_workday,"最后一个工作日",N_W05,"供应商发来了最终对账单",budget_conflict,gongying_wang,1,FALSE,,"正规处理 — 王姐发来对账单:实际费用比报价…","按流程处理完毕。虽然费了一些时间，但至少经得起事后追查。",-2,-1,1,-2,-4,time_heavy;risk_reducer,formal,,
T0400,last_workday,"最后一个工作日",N_W05,"供应商发来了最终对账单",budget_conflict,gongying_wang,1,FALSE,,"取巧解决 — 王姐发来对账单:实际费用比报价…","找到了一个折中方案。不算完美，但在目前的情况下已经是最好的选择。",0,1,1,-1,1,budget_gain,safe,,
T0401,last_workday,"最后一个工作日",N_W05,"供应商发来了最终对账单",budget_conflict,gongying_wang,1,FALSE,,"冒险尝试 — 王姐发来对账单:实际费用比报价…","你赌了一把。结果还算不错——至少到目前为止。",-3,0,0,0,-3,time_heavy,formal,,
T0402,pre_holiday,"节前最后半天",N_H01,"节前最后一件事——出事了",time_pressure,jishu_zhe,2,FALSE,,"正规处理 — 还有两小时放假，阿哲走过来说:…","按流程处理完毕。虽然费了一些时间，但至少经得起事后追查。",0,0,-2,0,-2,satisfaction_hit,safe,,
T0403,pre_holiday,"节前最后半天",N_H01,"节前最后一件事——出事了",time_pressure,jishu_zhe,2,FALSE,,"取巧解决 — 还有两小时放假，阿哲走过来说:…","找到了一个折中方案。不算完美，但在目前的情况下已经是最好的选择。",-1,0,1,-1,-1,neutral,safe,,
T0404,pre_holiday,"节前最后半天",N_H01,"节前最后一件事——出事了",time_pressure,jishu_zhe,2,FALSE,,"冒险尝试 — 还有两小时放假，阿哲走过来说:…","你赌了一把。结果还算不错——至少到目前为止。",0,0,-2,0,-2,satisfaction_hit,safe,,
T0405,pre_holiday,"节前最后半天",N_H02,"甲方说""节前一定给我""",time_pressure,shenmi_qun,1,FALSE,,"正规处理 — 甲方群:这个文件能不能节前给…","按流程处理完毕。虽然费了一些时间，但至少经得起事后追查。",2,0,0,0,2,time_save,safe,,
T0406,pre_holiday,"节前最后半天",N_H02,"甲方说""节前一定给我""",time_pressure,shenmi_qun,1,FALSE,,"取巧解决 — 甲方群:这个文件能不能节前给…","找到了一个折中方案。不算完美，但在目前的情况下已经是最好的选择。",0,0,-2,0,-2,satisfaction_hit,safe,,
T0407,pre_holiday,"节前最后半天",N_H02,"甲方说""节前一定给我""",time_pressure,shenmi_qun,1,FALSE,,"冒险尝试 — 甲方群:这个文件能不能节前给…","你赌了一把。结果还算不错——至少到目前为止。",-1,1,-1,0,-1,budget_gain,safe,,
T0408,pre_holiday,"节前最后半天",N_H03,"礼品还没来得及送",satisfaction_mgmt,shixi_xu,1,FALSE,,"正规处理 — 小许抱着一堆节日礼品进来:客…","按流程处理完毕。虽然费了一些时间，但至少经得起事后追查。",-2,-1,1,-1,-3,time_heavy,professional,,
T0409,pre_holiday,"节前最后半天",N_H03,"礼品还没来得及送",satisfaction_mgmt,shixi_xu,1,FALSE,,"取巧解决 — 小许抱着一堆节日礼品进来:客…","找到了一个折中方案。不算完美，但在目前的情况下已经是最好的选择。",-1,0,1,-1,-1,neutral,safe,,
T0410,pre_holiday,"节前最后半天",N_H03,"礼品还没来得及送",satisfaction_mgmt,shixi_xu,1,FALSE,,"冒险尝试 — 小许抱着一堆节日礼品进来:客…","你赌了一把。结果还算不错——至少到目前为止。",-2,0,-2,1,-3,time_heavy;satisfaction_hit,professional,,
T0411,pre_holiday,"节前最后半天",N_H04,"所有人都想早点走",satisfaction_mgmt,lin_zong,2,FALSE,,"正规处理 — 林总已经提前走了。剩下的人在群…","按流程处理完毕。虽然费了一些时间，但至少经得起事后追查。",-2,-1,1,-1,-3,time_heavy,professional,,
T0412,pre_holiday,"节前最后半天",N_H04,"所有人都想早点走",satisfaction_mgmt,lin_zong,2,FALSE,,"取巧解决 — 林总已经提前走了。剩下的人在群…","找到了一个折中方案。不算完美，但在目前的情况下已经是最好的选择。",0,1,2,-1,2,budget_gain;satisfaction_boost,safe,,
T0413,pre_holiday,"节前最后半天",N_H04,"所有人都想早点走",satisfaction_mgmt,lin_zong,2,FALSE,,"冒险尝试 — 林总已经提前走了。剩下的人在群…","你赌了一把。结果还算不错——至少到目前为止。",-1,1,-1,1,0,budget_gain,professional,,
T0414,pre_holiday,"节前最后半天",N_H05,"节前的IT维护窗口",risk_compliance,jishu_zhe,1,FALSE,,"正规处理 — 阿哲:假期IT要做系统维护，…","按流程处理完毕。虽然费了一些时间，但至少经得起事后追查。",-3,-1,1,0,-3,time_heavy,formal,,
T0415,pre_holiday,"节前最后半天",N_H05,"节前的IT维护窗口",risk_compliance,jishu_zhe,1,FALSE,,"取巧解决 — 阿哲:假期IT要做系统维护，…","找到了一个折中方案。不算完美，但在目前的情况下已经是最好的选择。",-1,1,1,-1,0,budget_gain,professional,,
T0416,pre_holiday,"节前最后半天",N_H05,"节前的IT维护窗口",risk_compliance,jishu_zhe,1,FALSE,,"冒险尝试 — 阿哲:假期IT要做系统维护，…","你赌了一把。结果还算不错——至少到目前为止。",-2,1,-1,1,-1,time_heavy;budget_gain,professional,,
T0417,new_boss,"新老板到岗第一天",N_B01,"新老板的第一句""这个能不能改""",satisfaction_mgmt,lin_zong,3,FALSE,,"正规处理 — 新来的林总第一天就来巡视项目:…","按流程处理完毕。虽然费了一些时间，但至少经得起事后追查。",-2,0,1,-1,-2,time_heavy,professional,,
T0418,new_boss,"新老板到岗第一天",N_B01,"新老板的第一句""这个能不能改""",satisfaction_mgmt,lin_zong,3,FALSE,,"取巧解决 — 新来的林总第一天就来巡视项目:…","找到了一个折中方案。不算完美，但在目前的情况下已经是最好的选择。",-1,0,1,-1,-1,neutral,safe,,
T0419,new_boss,"新老板到岗第一天",N_B01,"新老板的第一句""这个能不能改""",satisfaction_mgmt,lin_zong,3,FALSE,,"冒险尝试 — 新来的林总第一天就来巡视项目:…","你赌了一把。结果还算不错——至少到目前为止。",-1,1,-1,1,0,budget_gain,professional,,
T0420,new_boss,"新老板到岗第一天",N_B02,"新老板要重新审查所有供应商合同",budget_conflict,caiwu_zhou,2,FALSE,,"正规处理 — 财务小周转达新老板的指示:所有…","按流程处理完毕。虽然费了一些时间，但至少经得起事后追查。",-3,0,0,0,-3,time_heavy,formal,,
T0421,new_boss,"新老板到岗第一天",N_B02,"新老板要重新审查所有供应商合同",budget_conflict,caiwu_zhou,2,FALSE,,"取巧解决 — 财务小周转达新老板的指示:所有…","找到了一个折中方案。不算完美，但在目前的情况下已经是最好的选择。",-1,0,1,0,0,neutral,safe,,
T0422,new_boss,"新老板到岗第一天",N_B02,"新老板要重新审查所有供应商合同",budget_conflict,caiwu_zhou,2,FALSE,,"冒险尝试 — 财务小周转达新老板的指示:所有…","你赌了一把。结果还算不错——至少到目前为止。",-2,1,-1,2,0,time_heavy;budget_gain;risk_taker,risky,,
T0423,new_boss,"新老板到岗第一天",N_B03,"新老板的""效率改革""",time_pressure,lin_zong,1,FALSE,,"正规处理 — 新老板发了一封全员邮件:即日起…","按流程处理完毕。虽然费了一些时间，但至少经得起事后追查。",-2,-1,1,-1,-3,time_heavy,professional,,
T0424,new_boss,"新老板到岗第一天",N_B03,"新老板的""效率改革""",time_pressure,lin_zong,1,FALSE,,"取巧解决 — 新老板发了一封全员邮件:即日起…","找到了一个折中方案。不算完美，但在目前的情况下已经是最好的选择。",0,0,0,2,2,risk_taker,risky,,
T0425,new_boss,"新老板到岗第一天",N_B03,"新老板的""效率改革""",time_pressure,lin_zong,1,FALSE,,"冒险尝试 — 新老板发了一封全员邮件:即日起…","你赌了一把。结果还算不错——至少到目前为止。",0,0,0,-3,-3,risk_reducer,formal,,
T0426,new_boss,"新老板到岗第一天",N_B04,"实习生把新老板的称呼搞错了",satisfaction_mgmt,shixi_xu,1,FALSE,,"正规处理 — 小许在全员群里@了新老板，用了…","按流程处理完毕。虽然费了一些时间，但至少经得起事后追查。",-3,0,0,0,-3,time_heavy,formal,,
T0427,new_boss,"新老板到岗第一天",N_B04,"实习生把新老板的称呼搞错了",satisfaction_mgmt,shixi_xu,1,FALSE,,"取巧解决 — 小许在全员群里@了新老板，用了…","找到了一个折中方案。不算完美，但在目前的情况下已经是最好的选择。",0,1,1,-1,1,budget_gain,safe,,
T0428,new_boss,"新老板到岗第一天",N_B04,"实习生把新老板的称呼搞错了",satisfaction_mgmt,shixi_xu,1,FALSE,,"冒险尝试 — 小许在全员群里@了新老板，用了…","你赌了一把。结果还算不错——至少到目前为止。",-2,1,-1,1,-1,time_heavy;budget_gain,professional,,
T0429,new_boss,"新老板到岗第一天",N_B05,"新老板问你""之前的决策依据是什么""",risk_compliance,lin_zong,2,FALSE,,"正规处理 — 新老板拿着一份旧文件来找你:…","按流程处理完毕。虽然费了一些时间，但至少经得起事后追查。",-2,0,2,-2,-2,time_heavy;satisfaction_boost;risk_reducer,formal,,
T0430,new_boss,"新老板到岗第一天",N_B05,"新老板问你""之前的决策依据是什么""",risk_compliance,lin_zong,2,FALSE,,"取巧解决 — 新老板拿着一份旧文件来找你:…","找到了一个折中方案。不算完美，但在目前的情况下已经是最好的选择。",0,0,0,2,2,risk_taker,risky,,
T0431,new_boss,"新老板到岗第一天",N_B05,"新老板问你""之前的决策依据是什么""",risk_compliance,lin_zong,2,FALSE,,"冒险尝试 — 新老板拿着一份旧文件来找你:…","你赌了一把。结果还算不错——至少到目前为止。",-1,1,-1,1,0,budget_gain,professional,,
T0432,quarterly_review,"季度考核截止日",N_Q01,"KPI完成率只有60%",satisfaction_mgmt,lin_zong,3,FALSE,,"正规处理 — 季度考核表上你的KPI完成率是…","按流程处理完毕。虽然费了一些时间，但至少经得起事后追查。",0,0,0,2,2,risk_taker,risky,,
T0433,quarterly_review,"季度考核截止日",N_Q01,"KPI完成率只有60%",satisfaction_mgmt,lin_zong,3,FALSE,,"取巧解决 — 季度考核表上你的KPI完成率是…","找到了一个折中方案。不算完美，但在目前的情况下已经是最好的选择。",-1,0,2,-1,0,satisfaction_boost,safe,,
T0434,quarterly_review,"季度考核截止日",N_Q01,"KPI完成率只有60%",satisfaction_mgmt,lin_zong,3,FALSE,,"冒险尝试 — 季度考核表上你的KPI完成率是…","你赌了一把。结果还算不错——至少到目前为止。",-1,0,-1,1,-1,neutral,safe,,
T0435,quarterly_review,"季度考核截止日",N_Q02,"客户满意度调查结果出来了",satisfaction_mgmt,zhang_zong,2,FALSE,,"正规处理 — 季度客户满意度调查的结果显示你…","按流程处理完毕。虽然费了一些时间，但至少经得起事后追查。",0,0,0,-3,-3,risk_reducer,formal,,
T0436,quarterly_review,"季度考核截止日",N_Q02,"客户满意度调查结果出来了",satisfaction_mgmt,zhang_zong,2,FALSE,,"取巧解决 — 季度客户满意度调查的结果显示你…","找到了一个折中方案。不算完美，但在目前的情况下已经是最好的选择。",-1,0,2,-1,0,satisfaction_boost,safe,,
T0437,quarterly_review,"季度考核截止日",N_Q02,"客户满意度调查结果出来了",satisfaction_mgmt,zhang_zong,2,FALSE,,"冒险尝试 — 季度客户满意度调查的结果显示你…","你赌了一把。结果还算不错——至少到目前为止。",-2,0,-2,1,-3,time_heavy;satisfaction_hit,professional,,
T0438,quarterly_review,"季度考核截止日",N_Q03,"合规抽查刚好抽到了你",risk_compliance,hegui_chen,2,FALSE,,"正规处理 — 合规陈老师来通知:季度合规抽…","按流程处理完毕。虽然费了一些时间，但至少经得起事后追查。",-3,0,0,0,-3,time_heavy,formal,,
T0439,quarterly_review,"季度考核截止日",N_Q03,"合规抽查刚好抽到了你",risk_compliance,hegui_chen,2,FALSE,,"取巧解决 — 合规陈老师来通知:季度合规抽…","找到了一个折中方案。不算完美，但在目前的情况下已经是最好的选择。",-1,0,1,-1,-1,neutral,safe,,
T0440,quarterly_review,"季度考核截止日",N_Q03,"合规抽查刚好抽到了你",risk_compliance,hegui_chen,2,FALSE,,"冒险尝试 — 合规陈老师来通知:季度合规抽…","你赌了一把。结果还算不错——至少到目前为止。",-1,1,0,1,1,budget_gain,professional,,
T0441,quarterly_review,"季度考核截止日",N_Q04,"预算执行率被财务标红",budget_conflict,caiwu_zhou,2,FALSE,,"正规处理 — 财务小周发来季度报表:你的预算…","按流程处理完毕。虽然费了一些时间，但至少经得起事后追查。",-2,0,2,-2,-2,time_heavy;satisfaction_boost;risk_reducer,formal,,
T0442,quarterly_review,"季度考核截止日",N_Q04,"预算执行率被财务标红",budget_conflict,caiwu_zhou,2,FALSE,,"取巧解决 — 财务小周发来季度报表:你的预算…","找到了一个折中方案。不算完美，但在目前的情况下已经是最好的选择。",-1,0,1,-1,-1,neutral,safe,,
T0443,quarterly_review,"季度考核截止日",N_Q04,"预算执行率被财务标红",budget_conflict,caiwu_zhou,2,FALSE,,"冒险尝试 — 财务小周发来季度报表:你的预算…","你赌了一把。结果还算不错——至少到目前为止。",-1,1,-1,1,0,budget_gain,professional,,
T0444,quarterly_review,"季度考核截止日",N_Q05,"同事的季度评分可能影响你的评分",satisfaction_mgmt,jishu_zhe,1,FALSE,,"正规处理 — 阿哲悄悄告诉你:360度评估…","按流程处理完毕。虽然费了一些时间，但至少经得起事后追查。",-2,-1,1,-2,-4,time_heavy;risk_reducer,formal,,
T0445,quarterly_review,"季度考核截止日",N_Q05,"同事的季度评分可能影响你的评分",satisfaction_mgmt,jishu_zhe,1,FALSE,,"取巧解决 — 阿哲悄悄告诉你:360度评估…","找到了一个折中方案。不算完美，但在目前的情况下已经是最好的选择。",-1,0,0,-1,-2,neutral,safe,,
T0446,quarterly_review,"季度考核截止日",N_Q05,"同事的季度评分可能影响你的评分",satisfaction_mgmt,jishu_zhe,1,FALSE,,"冒险尝试 — 阿哲悄悄告诉你:360度评估…","你赌了一把。结果还算不错——至少到目前为止。",-1,1,-1,1,0,budget_gain,professional,,
T0447,friday_afternoon,"周五下午四点整",N_F01,"周五15:00的""下周一之前完成""",time_pressure,lin_zong,2,FALSE,,"正规处理 — 林总:这份方案下周一之前给我…","按流程处理完毕。虽然费了一些时间，但至少经得起事后追查。",-2,-1,1,-1,-3,time_heavy,professional,,
T0448,friday_afternoon,"周五下午四点整",N_F01,"周五15:00的""下周一之前完成""",time_pressure,lin_zong,2,FALSE,,"取巧解决 — 林总:这份方案下周一之前给我…","找到了一个折中方案。不算完美，但在目前的情况下已经是最好的选择。",2,0,0,0,2,time_save,safe,,
T0449,friday_afternoon,"周五下午四点整",N_F01,"周五15:00的""下周一之前完成""",time_pressure,lin_zong,2,FALSE,,"冒险尝试 — 林总:这份方案下周一之前给我…","你赌了一把。结果还算不错——至少到目前为止。",0,0,2,0,2,satisfaction_boost,safe,,
T0450,friday_afternoon,"周五下午四点整",N_F02,"周五下午的咖啡机坏了",satisfaction_mgmt,shixi_xu,1,FALSE,,"正规处理 — 小许愁眉苦脸:咖啡机坏了。还…","按流程处理完毕。虽然费了一些时间，但至少经得起事后追查。",-1,0,1,-2,-2,risk_reducer,formal,,
T0451,friday_afternoon,"周五下午四点整",N_F02,"周五下午的咖啡机坏了",satisfaction_mgmt,shixi_xu,1,FALSE,,"取巧解决 — 小许愁眉苦脸:咖啡机坏了。还…","找到了一个折中方案。不算完美，但在目前的情况下已经是最好的选择。",-1,0,1,-1,-1,neutral,safe,,
T0452,friday_afternoon,"周五下午四点整",N_F02,"周五下午的咖啡机坏了",satisfaction_mgmt,shixi_xu,1,FALSE,,"冒险尝试 — 小许愁眉苦脸:咖啡机坏了。还…","你赌了一把。结果还算不错——至少到目前为止。",-1,1,-1,1,0,budget_gain,professional,,
T0453,friday_afternoon,"周五下午四点整",N_F03,"甲方群周五下午疯狂@人",time_pressure,shenmi_qun,1,FALSE,,"正规处理 — 甲方群里从14:00开始密集@…","按流程处理完毕。虽然费了一些时间，但至少经得起事后追查。",0,0,0,-3,-3,risk_reducer,formal,,
T0454,friday_afternoon,"周五下午四点整",N_F03,"甲方群周五下午疯狂@人",time_pressure,shenmi_qun,1,FALSE,,"取巧解决 — 甲方群里从14:00开始密集@…","找到了一个折中方案。不算完美，但在目前的情况下已经是最好的选择。",0,0,0,2,2,risk_taker,risky,,
T0455,friday_afternoon,"周五下午四点整",N_F03,"甲方群周五下午疯狂@人",time_pressure,shenmi_qun,1,FALSE,,"冒险尝试 — 甲方群里从14:00开始密集@…","你赌了一把。结果还算不错——至少到目前为止。",-1,1,-1,1,0,budget_gain,professional,,
T0456,friday_afternoon,"周五下午四点整",N_F04,"行政通知周五18:00消防检查",time_pressure,jishu_zhe,2,FALSE,,"正规处理 — 行政通知18:00整栋楼消防检…","按流程处理完毕。虽然费了一些时间，但至少经得起事后追查。",-2,-1,1,-1,-3,time_heavy,professional,,
T0457,friday_afternoon,"周五下午四点整",N_F04,"行政通知周五18:00消防检查",time_pressure,jishu_zhe,2,FALSE,,"取巧解决 — 行政通知18:00整栋楼消防检…","找到了一个折中方案。不算完美，但在目前的情况下已经是最好的选择。",0,0,0,2,2,risk_taker,risky,,
T0458,friday_afternoon,"周五下午四点整",N_F04,"行政通知周五18:00消防检查",time_pressure,jishu_zhe,2,FALSE,,"冒险尝试 — 行政通知18:00整栋楼消防检…","你赌了一把。结果还算不错——至少到目前为止。",0,0,-2,0,-2,satisfaction_hit,safe,,
T0459,friday_afternoon,"周五下午四点整",N_F05,"周末前的最后一道审批",risk_compliance,hegui_chen,3,FALSE,,"正规处理 — 合规陈老师:这个文件需要今天…","按流程处理完毕。虽然费了一些时间，但至少经得起事后追查。",0,0,0,2,2,risk_taker,risky,,
T0460,friday_afternoon,"周五下午四点整",N_F05,"周末前的最后一道审批",risk_compliance,hegui_chen,3,FALSE,,"取巧解决 — 合规陈老师:这个文件需要今天…","找到了一个折中方案。不算完美，但在目前的情况下已经是最好的选择。",-1,0,1,-1,-1,neutral,safe,,
T0461,friday_afternoon,"周五下午四点整",N_F05,"周末前的最后一道审批",risk_compliance,hegui_chen,3,FALSE,,"冒险尝试 — 合规陈老师:这个文件需要今天…","你赌了一把。结果还算不错——至少到目前为止。",-1,1,-1,1,0,budget_gain,professional,,
T0462,last_minute,"下班前突击汇报",,"下班前最后五分钟的意外",time_pressure,jishu_zhe,1,FALSE,,"正规处理 — 还有五分钟下班，阿哲说发现了一…","按流程处理完毕。虽然费了一些时间，但至少经得起事后追查。",0,0,0,-3,-3,risk_reducer,formal,,
T0463,last_minute,"下班前突击汇报",,"下班前最后五分钟的意外",time_pressure,jishu_zhe,1,FALSE,,"取巧解决 — 还有五分钟下班，阿哲说发现了一…","找到了一个折中方案。不算完美，但在目前的情况下已经是最好的选择。",-1,1,1,-1,0,budget_gain,professional,,
T0464,last_minute,"下班前突击汇报",,"下班前最后五分钟的意外",time_pressure,jishu_zhe,1,FALSE,,"冒险尝试 — 还有五分钟下班，阿哲说发现了一…","你赌了一把。结果还算不错——至少到目前为止。",-1,1,-1,1,0,budget_gain,professional,,
T0465,last_minute,"下班前突击汇报",,"供应商在17:30发来了修改要求",budget_conflict,gongying_wang,2,FALSE,,"正规处理 — 王姐:之前确认的方案需要改—…","按流程处理完毕。虽然费了一些时间，但至少经得起事后追查。",-3,0,0,0,-3,time_heavy,formal,,
T0466,last_minute,"下班前突击汇报",,"供应商在17:30发来了修改要求",budget_conflict,gongying_wang,2,FALSE,,"取巧解决 — 王姐:之前确认的方案需要改—…","找到了一个折中方案。不算完美，但在目前的情况下已经是最好的选择。",-1,0,1,-1,-1,neutral,safe,,
T0467,last_minute,"下班前突击汇报",,"供应商在17:30发来了修改要求",budget_conflict,gongying_wang,2,FALSE,,"冒险尝试 — 王姐:之前确认的方案需要改—…","你赌了一把。结果还算不错——至少到目前为止。",-1,1,-1,1,0,budget_gain,professional,,
T0468,pr_crisis,"会后舆情发酵",,"行业群里有人点名批评你们",satisfaction_mgmt,zhang_zong,2,FALSE,,"正规处理 — 张总转发了一张截图——一个行业…","按流程处理完毕。虽然费了一些时间，但至少经得起事后追查。",-2,-1,0,-1,-4,time_heavy,professional,,
T0469,pr_crisis,"会后舆情发酵",,"行业群里有人点名批评你们",satisfaction_mgmt,zhang_zong,2,FALSE,,"取巧解决 — 张总转发了一张截图——一个行业…","找到了一个折中方案。不算完美，但在目前的情况下已经是最好的选择。",0,2,0,0,2,budget_gain,safe,,
T0470,pr_crisis,"会后舆情发酵",,"行业群里有人点名批评你们",satisfaction_mgmt,zhang_zong,2,FALSE,,"冒险尝试 — 张总转发了一张截图——一个行业…","你赌了一把。结果还算不错——至少到目前为止。",-1,1,-1,1,0,budget_gain,professional,,
T0471,pr_crisis,"会后舆情发酵",,"客户的市场部要求撤稿",risk_compliance,hegui_chen,3,FALSE,,"正规处理 — 客户市场部发现有媒体引用了你们…","按流程处理完毕。虽然费了一些时间，但至少经得起事后追查。",0,-2,0,0,-2,budget_drain,safe,,
T0472,pr_crisis,"会后舆情发酵",,"客户的市场部要求撤稿",risk_compliance,hegui_chen,3,FALSE,,"取巧解决 — 客户市场部发现有媒体引用了你们…","找到了一个折中方案。不算完美，但在目前的情况下已经是最好的选择。",-1,0,1,-1,-1,neutral,safe,,
T0473,pr_crisis,"会后舆情发酵",,"客户的市场部要求撤稿",risk_compliance,hegui_chen,3,FALSE,,"冒险尝试 — 客户市场部发现有媒体引用了你们…","你赌了一把。结果还算不错——至少到目前为止。",-1,1,-1,1,0,budget_gain,professional,,
T0474,last_workday,"最后一个工作日",,"离职同事的账号还没注销",risk_compliance,jishu_zhe,2,FALSE,,"正规处理 — 阿哲提醒:老王的系统账号还没…","按流程处理完毕。虽然费了一些时间，但至少经得起事后追查。",-2,-2,0,0,-4,time_heavy;budget_drain,professional,,
T0475,last_workday,"最后一个工作日",,"离职同事的账号还没注销",risk_compliance,jishu_zhe,2,FALSE,,"取巧解决 — 阿哲提醒:老王的系统账号还没…","找到了一个折中方案。不算完美，但在目前的情况下已经是最好的选择。",2,0,0,0,2,time_save,safe,,
T0476,last_workday,"最后一个工作日",,"离职同事的账号还没注销",risk_compliance,jishu_zhe,2,FALSE,,"冒险尝试 — 阿哲提醒:老王的系统账号还没…","你赌了一把。结果还算不错——至少到目前为止。",-1,1,-1,1,0,budget_gain,professional,,
T0477,last_workday,"最后一个工作日",,"明天开始你就不是这个项目的PM了",satisfaction_mgmt,lin_zong,1,FALSE,,"正规处理 — 林总:下个项目的信息包明天发…","按流程处理完毕。虽然费了一些时间，但至少经得起事后追查。",-3,-1,1,-1,-4,time_heavy,formal,,
T0478,last_workday,"最后一个工作日",,"明天开始你就不是这个项目的PM了",satisfaction_mgmt,lin_zong,1,FALSE,,"取巧解决 — 林总:下个项目的信息包明天发…","找到了一个折中方案。不算完美，但在目前的情况下已经是最好的选择。",0,0,1,-1,0,neutral,safe,,
T0479,last_workday,"最后一个工作日",,"明天开始你就不是这个项目的PM了",satisfaction_mgmt,lin_zong,1,FALSE,,"冒险尝试 — 林总:下个项目的信息包明天发…","你赌了一把。结果还算不错——至少到目前为止。",0,1,-1,0,0,budget_gain,safe,,
T0480,pre_holiday,"节前最后半天",,"节前最后一份快递寄错了地址",time_pressure,shixi_xu,1,FALSE,,"正规处理 — 小许脸色发白:我把给客户的文…","按流程处理完毕。虽然费了一些时间，但至少经得起事后追查。",0,0,0,-3,-3,risk_reducer,formal,,
T0481,pre_holiday,"节前最后半天",,"节前最后一份快递寄错了地址",time_pressure,shixi_xu,1,FALSE,,"取巧解决 — 小许脸色发白:我把给客户的文…","找到了一个折中方案。不算完美，但在目前的情况下已经是最好的选择。",0,2,0,0,2,budget_gain,safe,,
T0482,pre_holiday,"节前最后半天",,"节前最后一份快递寄错了地址",time_pressure,shixi_xu,1,FALSE,,"冒险尝试 — 小许脸色发白:我把给客户的文…","你赌了一把。结果还算不错——至少到目前为止。",-1,1,0,1,1,budget_gain,professional,,
T0483,pre_holiday,"节前最后半天",,"客户说""节后第一天我们要结果""",time_pressure,zhang_zong,2,FALSE,,"正规处理 — 张总:节后第一天早会我们讨论…","按流程处理完毕。虽然费了一些时间，但至少经得起事后追查。",-3,0,0,0,-3,time_heavy,formal,,
T0484,pre_holiday,"节前最后半天",,"客户说""节后第一天我们要结果""",time_pressure,zhang_zong,2,FALSE,,"取巧解决 — 张总:节后第一天早会我们讨论…","找到了一个折中方案。不算完美，但在目前的情况下已经是最好的选择。",-1,0,1,-1,-1,neutral,safe,,
T0485,pre_holiday,"节前最后半天",,"客户说""节后第一天我们要结果""",time_pressure,zhang_zong,2,FALSE,,"冒险尝试 — 张总:节后第一天早会我们讨论…","你赌了一把。结果还算不错——至少到目前为止。",-1,1,-1,1,0,budget_gain,professional,,
T0486,new_boss,"新老板到岗第一天",,"新老板的晨会改到了7:30",time_pressure,lin_zong,1,FALSE,,"正规处理 — 新老板通知:以后周会改在7:3…","按流程处理完毕。虽然费了一些时间，但至少经得起事后追查。",-2,-2,1,-1,-4,time_heavy;budget_drain,professional,,
T0487,new_boss,"新老板到岗第一天",,"新老板的晨会改到了7:30",time_pressure,lin_zong,1,FALSE,,"取巧解决 — 新老板通知:以后周会改在7:3…","找到了一个折中方案。不算完美，但在目前的情况下已经是最好的选择。",-1,-1,1,-1,-2,neutral,professional,,
T0488,new_boss,"新老板到岗第一天",,"新老板的晨会改到了7:30",time_pressure,lin_zong,1,FALSE,,"冒险尝试 — 新老板通知:以后周会改在7:3…","你赌了一把。结果还算不错——至少到目前为止。",-1,0,-1,1,-1,neutral,safe,,
T0489,new_boss,"新老板到岗第一天",,"新老板对你的团队结构有意见",satisfaction_mgmt,lin_zong,2,FALSE,,"正规处理 — 新老板看了团队名单后说:这个…","按流程处理完毕。虽然费了一些时间，但至少经得起事后追查。",-2,-1,1,-1,-3,time_heavy,professional,,
T0490,new_boss,"新老板到岗第一天",,"新老板对你的团队结构有意见",satisfaction_mgmt,lin_zong,2,FALSE,,"取巧解决 — 新老板看了团队名单后说:这个…","找到了一个折中方案。不算完美，但在目前的情况下已经是最好的选择。",-1,0,1,-1,-1,neutral,safe,,
T0491,new_boss,"新老板到岗第一天",,"新老板对你的团队结构有意见",satisfaction_mgmt,lin_zong,2,FALSE,,"冒险尝试 — 新老板看了团队名单后说:这个…","你赌了一把。结果还算不错——至少到目前为止。",-1,2,-1,1,1,budget_gain,professional,,
T0492,quarterly_review,"季度考核截止日",,"临时增加的自评环节",satisfaction_mgmt,lin_zong,1,FALSE,,"正规处理 — 林总通知:HR临时要求所有P…","按流程处理完毕。虽然费了一些时间，但至少经得起事后追查。",-2,-1,1,-2,-4,time_heavy;risk_reducer,formal,,
T0493,quarterly_review,"季度考核截止日",,"临时增加的自评环节",satisfaction_mgmt,lin_zong,1,FALSE,,"取巧解决 — 林总通知:HR临时要求所有P…","找到了一个折中方案。不算完美，但在目前的情况下已经是最好的选择。",-1,0,1,-1,-1,neutral,safe,,
T0494,quarterly_review,"季度考核截止日",,"临时增加的自评环节",satisfaction_mgmt,lin_zong,1,FALSE,,"冒险尝试 — 林总通知:HR临时要求所有P…","你赌了一把。结果还算不错——至少到目前为止。",-2,1,-2,1,-2,time_heavy;budget_gain;satisfaction_hit,professional,,
T0495,quarterly_review,"季度考核截止日",,"季度奖金的分配方案要你签字",budget_conflict,caiwu_zhou,2,FALSE,,"正规处理 — 财务小周:季度奖金的分配方案…","按流程处理完毕。虽然费了一些时间，但至少经得起事后追查。",-2,-1,1,-1,-3,time_heavy,professional,,
T0496,quarterly_review,"季度考核截止日",,"季度奖金的分配方案要你签字",budget_conflict,caiwu_zhou,2,FALSE,,"取巧解决 — 财务小周:季度奖金的分配方案…","找到了一个折中方案。不算完美，但在目前的情况下已经是最好的选择。",-1,0,1,-1,-1,neutral,safe,,
T0497,quarterly_review,"季度考核截止日",,"季度奖金的分配方案要你签字",budget_conflict,caiwu_zhou,2,FALSE,,"冒险尝试 — 财务小周:季度奖金的分配方案…","你赌了一把。结果还算不错——至少到目前为止。",-1,0,-2,2,-1,satisfaction_hit;risk_taker,risky,,
T0498,friday_afternoon,"周五下午四点整",,"行政通知周五要清空冰箱",satisfaction_mgmt,shixi_xu,1,FALSE,,"正规处理 — 小许转发行政邮件:周五18:…","按流程处理完毕。虽然费了一些时间，但至少经得起事后追查。",-3,-1,1,-1,-4,time_heavy,formal,,
T0499,friday_afternoon,"周五下午四点整",,"行政通知周五要清空冰箱",satisfaction_mgmt,shixi_xu,1,FALSE,,"取巧解决 — 小许转发行政邮件:周五18:…","找到了一个折中方案。不算完美，但在目前的情况下已经是最好的选择。",0,0,0,2,2,risk_taker,risky,,
T0500,friday_afternoon,"周五下午四点整",,"行政通知周五要清空冰箱",satisfaction_mgmt,shixi_xu,1,FALSE,,"冒险尝试 — 小许转发行政邮件:周五18:…","你赌了一把。结果还算不错——至少到目前为止。",-1,1,-1,1,0,budget_gain,professional,,
T0501,friday_afternoon,"周五下午四点整",,"IT通知周末服务器迁移",time_pressure,jishu_zhe,2,FALSE,,"正规处理 — 阿哲:IT周末迁移服务器。周…","按流程处理完毕。虽然费了一些时间，但至少经得起事后追查。",-2,0,1,-2,-3,time_heavy;risk_reducer,formal,,
T0502,friday_afternoon,"周五下午四点整",,"IT通知周末服务器迁移",time_pressure,jishu_zhe,2,FALSE,,"取巧解决 — 阿哲:IT周末迁移服务器。周…","找到了一个折中方案。不算完美，但在目前的情况下已经是最好的选择。",-1,0,1,-1,-1,neutral,safe,,
T0503,friday_afternoon,"周五下午四点整",,"IT通知周末服务器迁移",time_pressure,jishu_zhe,2,FALSE,,"冒险尝试 — 阿哲:IT周末迁移服务器。周…","你赌了一把。结果还算不错——至少到目前为止。",-1,1,0,0,0,budget_gain,safe,,
T0504,monday_morning,"周一早会刚结束",,"客户在周末发了17条修改意见",time_pressure,zhang_zong,2,FALSE,,"正规处理 — 打开工作微信——张总周末发了1…","按流程处理完毕。虽然费了一些时间，但至少经得起事后追查。",-2,-1,1,-1,-3,time_heavy,professional,,
T0505,monday_morning,"周一早会刚结束",,"客户在周末发了17条修改意见",time_pressure,zhang_zong,2,FALSE,,"取巧解决 — 打开工作微信——张总周末发了1…","找到了一个折中方案。不算完美，但在目前的情况下已经是最好的选择。",-1,0,1,-1,-1,neutral,safe,,
T0506,monday_morning,"周一早会刚结束",,"客户在周末发了17条修改意见",time_pressure,zhang_zong,2,FALSE,,"冒险尝试 — 打开工作微信——张总周末发了1…","你赌了一把。结果还算不错——至少到目前为止。",-1,0,-1,1,-1,neutral,safe,,
T0507,monday_morning,"周一早会刚结束",,"周一早上的地铁故障",time_pressure,lin_zong,1,FALSE,,"正规处理 — 你迟到了二十分钟。林总什么都没…","按流程处理完毕。虽然费了一些时间，但至少经得起事后追查。",-2,-1,2,-1,-2,time_heavy;satisfaction_boost,professional,,
T0508,monday_morning,"周一早会刚结束",,"周一早上的地铁故障",time_pressure,lin_zong,1,FALSE,,"取巧解决 — 你迟到了二十分钟。林总什么都没…","找到了一个折中方案。不算完美，但在目前的情况下已经是最好的选择。",-1,0,1,-1,-1,neutral,safe,,
T0509,monday_morning,"周一早会刚结束",,"周一早上的地铁故障",time_pressure,lin_zong,1,FALSE,,"冒险尝试 — 你迟到了二十分钟。林总什么都没…","你赌了一把。结果还算不错——至少到目前为止。",-1,1,-1,1,0,budget_gain,professional,,
T0510,kickoff,"项目启动会当天",,"各部门的项目负责人临时换人",satisfaction_mgmt,lin_zong,2,FALSE,,"正规处理 — 启动会前十分钟，你收到了三封邮…","按流程处理完毕。虽然费了一些时间，但至少经得起事后追查。",-2,-2,1,0,-3,time_heavy;budget_drain,professional,,
T0511,kickoff,"项目启动会当天",,"各部门的项目负责人临时换人",satisfaction_mgmt,lin_zong,2,FALSE,,"取巧解决 — 启动会前十分钟，你收到了三封邮…","找到了一个折中方案。不算完美，但在目前的情况下已经是最好的选择。",-1,1,2,-2,0,budget_gain;satisfaction_boost;risk_reducer,formal,,
T0512,kickoff,"项目启动会当天",,"各部门的项目负责人临时换人",satisfaction_mgmt,lin_zong,2,FALSE,,"冒险尝试 — 启动会前十分钟，你收到了三封邮…","你赌了一把。结果还算不错——至少到目前为止。",-1,2,-1,1,1,budget_gain,professional,,
T0513,kickoff,"项目启动会当天",,"项目管理系统还没建好",time_pressure,jishu_zhe,1,FALSE,,"正规处理 — 阿哲:项目管理系统要两天才能…","按流程处理完毕。虽然费了一些时间，但至少经得起事后追查。",-2,0,1,-2,-3,time_heavy;risk_reducer,formal,,
T0514,kickoff,"项目启动会当天",,"项目管理系统还没建好",time_pressure,jishu_zhe,1,FALSE,,"取巧解决 — 阿哲:项目管理系统要两天才能…","找到了一个折中方案。不算完美，但在目前的情况下已经是最好的选择。",0,0,0,2,2,risk_taker,risky,,
T0515,kickoff,"项目启动会当天",,"项目管理系统还没建好",time_pressure,jishu_zhe,1,FALSE,,"冒险尝试 — 阿哲:项目管理系统要两天才能…","你赌了一把。结果还算不错——至少到目前为止。",0,0,0,2,2,risk_taker,risky,,